user_input,retrieved_contexts,response,reference,faithfulness,answer_relevancy,context_precision,context_recall
Cuanto cuesta el cielo raso duracustic en Barranquilla?,"['CIELO RASO DURACUSTIC | unidad: m² | precio: $33,183 COP | solo mano de obra: $11,965 COP | región: Barranquilla | fuente: Catálogo Construdata (Barranquilla) | fecha: 2026-08-08 | desglose real: Mano de obra: MANO DE OBRA BB (1.0 hc): $11,965 COP; Material: FIBERGLASS DURACUSTIC 5/8” (1.0 lm): $11,240 COP, SUB-CONTRATO INSTALACION (43.0 %): $232 COP', 'CIELORRASO DURACUSTIC 2\'X4\'X5/8"" SW | unidad: lm | precio: $22,120 COP | región: Barranquilla | fuente: Catálogo Construdata (Barranquilla) | fecha: 2026-08-08', 'A.C.P.M. BARRANQUILLA | unidad: gl | precio: $3,732 COP | región: Barranquilla | fuente: Catálogo Construdata (Barranquilla) | fecha: 2026-08-08', 'CIELO RASO ALUZINC ACUSTICO 130B | unidad: m² | precio: $79,386 COP | región: Barranquilla | fuente: Catálogo Construdata (Barranquilla) | fecha: 2026-08-08', 'Suministro e instalación de cielo raso en asbesto cemento | unidad: m2 | precio: $36,944 COP | región: Barranquilla | fuente: Contrato real ejecutado — redes de acueducto/alcantarillado (Atlántico) | fecha: 2026-08-08', 'CIELORRASO EN TABLILLAS PVC | unidad: m² | precio: $557,340 COP | región: Barranquilla | fuente: Catálogo Construdata (Barranquilla) | fecha: 2026-08-08', 'CIELORRASO EN TABLILLAS PVC | unidad: m² | precio: $69,342 COP | región: Barranquilla | fuente: Catálogo Construdata (Barranquilla) | fecha: 2026-08-08', 'Suministro e instalación de cielo raso en asbesto cemento, incluye molduras. | unidad: m2 | precio: $41,031 COP | región: Puerto Colombia | fuente: Contrato real ejecutado — vía urbana Puerto Colombia (catálogo 2017-2019) | fecha: 2026-08-08']","El cielo raso Duracustic en Barranquilla cuesta $33,183 COP por m², según el Catálogo Construdata (Barranquilla) del 2026-08-08. Si necesitas el desglose, la mano de obra es $11,965 COP, el material (Fiberglass Duracustic 5/8”) cuesta $11,240 COP, y el sub-contrato de instalación es $232 COP.",El cielo raso Duracustic cuesta $33.183 COP por m² en Barranquilla (Catálogo Construdata).,1.0,0.9682947878091294,0.99999999995,1.0
Cual es el precio de entrepisos placalista?,"['ENTREPISOS PLACALISTA | unidad: m² | precio: $50,575 COP | solo mano de obra: $7,288 COP | región: Barranquilla | fuente: Catálogo Construdata (Barranquilla) | fecha: 2026-08-08 | desglose real: Mano de obra: MANO DE OBRA AA (0.67 hc): $10,878 COP; Material: CONCRETO CORRIENTE 2500 PSI (0.03 m³): $256,133 COP, PLACA LISTA MURO ESTRUCTURAL (1.03 m²): $34,567 COP', 'ENTREPISOS VIGUETA PLACA | unidad: m² | precio: $44,360 COP | solo mano de obra: $11,638 COP | región: Barranquilla | fuente: Catálogo Construdata (Barranquilla) | fecha: 2026-08-08', 'PLACA LISTA MURO ESTRUCTURAL | unidad: m² | precio: $34,567 COP | región: Barranquilla | fuente: Catálogo Construdata (Barranquilla) | fecha: 2026-08-08', 'PLACA EN CONCRETO 3000 PSI 10CM MALLA ELECT. ENTREPISO | unidad: m² | precio: $83,906 COP | región: Barranquilla | fuente: Catálogo Construdata (Barranquilla) | fecha: 2026-08-08', 'Piezas de conexion metalicas galvanizadas entre placas | precio: $110,125 COP | región: Centro Oriente | fuente: INVIAS — precios de referencia regionalizados | fecha: 2026-08-08', 'PLACA EN BLOQUE ALIGERADO DE CONCRETO | unidad: m² | precio: $113,644 COP | región: Barranquilla | fuente: Catálogo Construdata (Barranquilla) | fecha: 2026-08-08', 'PLACA ALIGERADA CON CASETÓN DE GUADUA | unidad: m² | precio: $142,102 COP | región: Barranquilla | fuente: Catálogo Construdata (Barranquilla) | fecha: 2026-08-08', 'DEMOLICIÓN PLACAS PISO | unidad: m² | precio: $49,432 COP | solo mano de obra: $10,877 COP | región: Barranquilla | fuente: Catálogo Construdata (Barranquilla) | fecha: 2026-08-08']","El precio de los entrepisos placalista es de $50,575 COP por m². Si solo consideras la mano de obra, el costo es de $7,288 COP por m². Esta información proviene del Catálogo Construdata (Barranquilla) y fue actualizada el 2026-08-08.",Los entrepisos Placalista cuestan $50.575 COP por m² en Barranquilla (Catálogo Construdata).,1.0,0.9387920290360948,0.8333333332916666,1.0
Cuanto vale el relleno con gravilla de rio en Barranquilla?,"['RELLENO GRAVILLA DE RIO | unidad: m³ | precio: $51,557 COP | solo mano de obra: $6,526 COP | región: Barranquilla | fuente: Catálogo Construdata (Barranquilla) | fecha: 2026-08-08 | desglose real: Equipo: VIBROCOMPACTADOR A GASOLINA (0.04 d): $38,275 COP; Mano de obra: MANO DE OBRA AA (0.6 hc): $10,877 COP; Material: GRAVA CANTO RODADO 1/2 (1.0 m³): $43,500 COP, GRAVILLA DE RIO (1.0 m³): $0 COP, GRAVILLA FINA 1/2” Y 3/4” (1.0 m³): $0 COP', 'Gravilla De Rio — mejor precio real: JEM SUPPLIES SAS | unidad: m3 | precio: $53,933 COP | región: Bogotá, Distrito Capital De Bogotá | fuente: Catálogo IAD MIPYMES — Colombia Compra Eficiente (proveedor real con el mejor precio, de 78 proveedores mipyme nacionales) | variabilidad real de mercado: Comparado entre 63 proveedores mipyme reales de todo el país (rango $53,933–$1,395,615 COP sin IVA)', 'GRAVILLA DE RIO | unidad: m³ | precio: $0 COP | región: Barranquilla | fuente: Catálogo Construdata (Barranquilla) | fecha: 2026-08-08', 'Gravilla Lavada De Rio M3: Piedra De Rio Natural, Más Resistente Al Desgaste — mejor precio real: SUMINISTROS E INGENIERIA MASECA SAS | unidad: m3 | precio: $38,944 COP | región: Bogotá, D. C. | fuente: Catálogo IAD MIPYMES — Colombia Compra Eficiente (proveedor real con el mejor precio, de 78 proveedores mipyme nacionales) | variabilidad real de mercado: Comparado entre 61 proveedores mipyme reales de todo el país (rango $38,944–$1,395,615 COP sin IVA)', 'RELLENOS GRAVILLA FINA | unidad: m³ | precio: $79,345 COP | solo mano de obra: $7,614 COP | región: Barranquilla | fuente: Catálogo Construdata (Barranquilla) | fecha: 2026-08-08', 'MASILLA DE RELLENO | unidad: m² | precio: $34,437 COP | región: Barranquilla | fuente: Catálogo Construdata (Barranquilla) | fecha: 2026-08-08', 'Relleno de Sub-base granular al 95% del P.M. | unidad: m3 | precio: $86,239 COP | región: Puerto Colombia | fuente: Contrato real ejecutado — vía urbana Puerto Colombia (catálogo 2017-2019) | fecha: 2026-08-08', 'Relleno de Sub-base granular al 95% del P.M. | unidad: m3 | precio: $75,821 COP | región: Puerto Colombia | fuente: Contrato real ejecutado — demoliciones y pavimentos, Puerto Colombia (2016) | fecha: 2026-08-08']","El precio del relleno con gravilla de río en Barranquilla es de $51,557 COP por m³, según el Catálogo Construdata (Barranquilla) del 2026-08-08. Además, hay un precio de $0 COP por m³ también registrado en la misma fuente y fecha.",El relleno con gravilla de río cuesta $51.557 COP por m³ en Barranquilla (Catálogo Construdata).,1.0,0.9049931840800588,0.9999999999,1.0
Que precio tiene la pulida y lacada de piso de madera?,"['PULIDA LACADA PISO MADERA | unidad: m² | precio: $35,367 COP | solo mano de obra: $26,680 COP | región: Barranquilla | fuente: Catálogo Construdata (Barranquilla) | fecha: 2026-08-08 | desglose real: Mano de obra: MANO DE OBRA PULIDA / LACADA PISO MADERA (1.0 m²): $26,680 COP; Material: BARNIZ VITRIFLEX (0.1 gl): $86,870 COP', 'MANO DE OBRA PULIDA / LACADA PISO MADERA | unidad: m² | precio: $26,680 COP | región: Barranquilla | fuente: Catálogo Construdata (Barranquilla) | fecha: 2026-08-08', 'LACA PISOS MADERA | unidad: m² | precio: $24,948 COP | solo mano de obra: $16,636 COP | región: Barranquilla | fuente: Catálogo Construdata (Barranquilla) | fecha: 2026-08-08', 'LACA PISOS MADERA | unidad: m² | precio: $3,378 COP | región: Barranquilla | fuente: Catálogo Construdata (Barranquilla) | fecha: 2026-08-08', 'Laca Para Madera — mejor precio real: MANTENIMIENTO Y MONTAJES DE INGENIERIA SAS | unidad: gal | precio: $23,000 COP | región: Bogotá, Distrito Capital De Bogotá | fuente: Catálogo IAD MIPYMES — Colombia Compra Eficiente (proveedor real con el mejor precio, de 78 proveedores mipyme nacionales) | variabilidad real de mercado: Comparado entre 65 proveedores mipyme reales de todo el país (rango $23,000–$1,060,016 COP sin IVA)', 'Inmunizante y preservante de madera | precio: $12,823 COP | región: Centro Oriente | fuente: INVIAS — precios de referencia regionalizados | fecha: 2026-08-08', 'PIRLANES DE MADERA .10 | unidad: m | precio: $19,486 COP | solo mano de obra: $12,008 COP | región: Barranquilla | fuente: Catálogo Construdata (Barranquilla) | fecha: 2026-08-08', 'Tornillos De Rosca Para Madera 1/2 Pugada — mejor precio real: ANGEL RAFAEL RINCON MARIÑO (FERRETERIA NICHOLSON) | unidad: und | precio: $20 COP | región: Bogotá, D. C. | fuente: Catálogo IAD MIPYMES — Colombia Compra Eficiente (proveedor real con el mejor precio, de 78 proveedores mipyme nacionales) | variabilidad real de mercado: Comparado entre 62 proveedores mipyme reales de todo el país (rango $20–$88,140 COP sin IVA)']","El precio de la pulida y lacada de piso de madera es de $35,367 COP por m², según el Catálogo Construdata (Barranquilla) del 2026-08-08. La mano de obra específica para esta actividad es de $26,680 COP por m².",La pulida lacada de piso de madera cuesta $35.367 COP por m² en Barranquilla (Catálogo Construdata).,1.0,0.8828335940949793,0.999999999975,1.0
Cuanto cuesta aplicar anticorrosivo sobre lamina llena?,"['ANTICORROSIVO SOBRE LAMINA LLENA | unidad: m² | precio: $10,262 COP | solo mano de obra: $4,128 COP | región: Barranquilla | fuente: Catálogo Construdata (Barranquilla) | fecha: 2026-08-08 | desglose real: Mano de obra: MANO DE OBRA CC (0.33 hc): $12,509 COP; Material: ANTICORROSIVO ROJO CLARO (0.03 gl): $30,800 COP, DISOLVENTE THINNER (0.01 gl): $8,300 COP, PABMERIL PLIEGO 9” X 11” (1.05 un): $1,850 COP, SUB-CONTRATO PINTURA (45.0 %): $71 COP', 'ANTICORROSIVO SOBRE LÁMINA LLENA | unidad: m² | precio: $15,364 COP | región: Barranquilla | fuente: Catálogo Construdata (Barranquilla) | fecha: 2026-08-08', 'ANTICORROSIVO SOBRE LAMINA LINEAL | unidad: m | precio: $5,703 COP | solo mano de obra: $2,377 COP | región: Barranquilla | fuente: Catálogo Construdata (Barranquilla) | fecha: 2026-08-08', 'ANTICORROSIVO SOBRE LÁMINA LINEAL | unidad: m | precio: $8,664 COP | región: Barranquilla | fuente: Catálogo Construdata (Barranquilla) | fecha: 2026-08-08', 'Limpieza del acero estructural, verificación y cambio del acero que se encuentre afectado por corrosión . Suministro y aplicación de aditivo con Sikatop Armatec 108. para protección del  acero instalado. La aplicación de los productos suministrados deberá realizarse conforme a las especificaciones técnicas proporcionadas por el fabricante/proveedor, quien debe indicar los controles de calidad para la ejecución de los trabajos y certificar al personal encargado de la aplicación. | unidad: kg | precio: $6,000 COP | región: Barranquilla | fuente: Contrato real ejecutado — planta de tratamiento de agua potable, optimización ETAP (Atlántico) | fecha: 2026-08-09', 'Impermeabilización de paredes internas mediante aplicación de mortero 1:4 impermeabilizado(Sika 1 o equivalente), mezclado con fibra macro sintéticas de polipropileno  tipo SikaFiber AD (o equivalente)  y aditivo acelerante de Fraguado tipo Sikaset L (o equivalente), e= 2 cm. La aplicación de los productos suministrados deberá realizarse conforme a las especificaciones técnicas proporcionadas por el fabricante/proveedor, quien debe indicar los controles de calidad para la ejecución de los trabajos y certificar al personal encargado de la aplicación. | unidad: m2 | precio: $15,500 COP | región: Barranquilla | fuente: Contrato real ejecutado — planta de tratamiento de agua potable, optimización ETAP (Atlántico) | fecha: 2026-08-09', 'Suministro y aplicación de acelerante de fraguado ultrarrápido para taponamiento de filtraciones con presión de agua tipo Sika®-2 (o equivalente) de hasta 10 mm. La aplicación de los productos suministrados deberá realizarse conforme a las especificaciones técnicas proporcionadas por el fabricante/proveedor, quien debe indicar los controles de calidad para la ejecución de los trabajos y certificar al personal encargado de la aplicación. | unidad: m | precio: $12,000 COP | región: Barranquilla | fuente: Contrato real ejecutado — planta de tratamiento de agua potable, optimización ETAP (Atlántico) | fecha: 2026-08-09', 'Suministro y aplicación de productos para el sellado y la impermeabilización elástica de junta de dilatación de 1mm a 10mm tipo SikaFlex-1A Plus Purform (o equivalente). La aplicación de los productos suministrados deberá realizarse conforme a las especificaciones técnicas proporcionadas por el fabricante/proveedor, quien debe indicar los controles de calidad para la ejecución de los trabajos y certificar al personal encargado de la aplicación. | unidad: m | precio: $13,000 COP | región: Barranquilla | fuente: Contrato real ejecutado — planta de tratamiento de agua potable, optimización ETAP (Atlántico) | fecha: 2026-08-09']","El precio para aplicar anticorrosivo sobre lámina llena en Barranquilla es de $10,262 COP por m², según el Catálogo Construdata (Barranquilla) del 2026-08-08. También hay otra opción con un precio de $15,364 COP por m², de la misma fuente y fecha. 

Si necesitas un desglose, la mano de obra para la primera opción es de $4,128 COP por m².",Aplicar anticorrosivo sobre lámina llena cuesta $10.262 COP por m² en Barranquilla (Catálogo Construdata).,1.0,0.8903917264193537,0.999999999975,1.0
Cual es el precio del tablon liso 33x33?,"['TABLON LISO 33X33 | unidad: m² | precio: $31,616 COP | solo mano de obra: $9,245 COP | región: Barranquilla | fuente: Catálogo Construdata (Barranquilla) | fecha: 2026-08-08 | desglose real: Mano de obra: MANO DE OBRA AA (0.85 hc): $10,876 COP; Material: AGUA (6.48 lt): $12 COP, ARENA DE REVOQUE (0.04 m³): $0 COP, ARENA FINA (0.04 m³): $0 COP, ARENA LAVADA DE PEÑA (0.04 m³): $0 COP, ARENA LAVADA JUAN DE ACOSTA (0.04 m³): $24,500 COP, CEMENTO GRIS (9.41 kg): $224 COP, TABLÓN ALFA LISO 30 X 30 (1.05 m²): $18,290 COP', 'TABLÓN LISO MATIZADO | unidad: m² | precio: $21,500 COP | región: Barranquilla | fuente: Catálogo Construdata (Barranquilla) | fecha: 2026-08-08', 'TABLÓN ALFA LISO 30 X 30 | unidad: m² | precio: $18,290 COP | región: Barranquilla | fuente: Catálogo Construdata (Barranquilla) | fecha: 2026-08-08', 'TABLÓN ALFA LISO 15X15 | unidad: m² | precio: $13,093 COP | región: Barranquilla | fuente: Catálogo Construdata (Barranquilla) | fecha: 2026-08-08', 'Tapón Liso Pvc Presión 2"" — mejor precio real: SUMINISTROS E INGENIERIA MASECA SAS | unidad: und | precio: $1,864 COP | región: Bogotá, D. C. | fuente: Catálogo IAD MIPYMES — Colombia Compra Eficiente (proveedor real con el mejor precio, de 78 proveedores mipyme nacionales) | variabilidad real de mercado: Comparado entre 63 proveedores mipyme reales de todo el país (rango $1,864–$61,020 COP sin IVA)', 'TABLON CATIVO 3 M | unidad: m | precio: $1,500 COP | región: Barranquilla | fuente: Catálogo Construdata (Barranquilla) | fecha: 2026-08-08', 'TABLON CATIVO 0.30 | unidad: m | precio: $2,500 COP | región: Barranquilla | fuente: Catálogo Construdata (Barranquilla) | fecha: 2026-08-08', 'TABLON CEIBA | unidad: un | precio: $63,000 COP | región: Barranquilla | fuente: Catálogo Construdata (Barranquilla) | fecha: 2026-08-08']","El precio del tablón liso 33x33 es de $31,616 COP por m². Este dato proviene del Catálogo Construdata (Barranquilla) y fue actualizado el 2026-08-08.",El tablón liso 33x33 cuesta $31.616 COP por m² en Barranquilla (Catálogo Construdata).,1.0,0.8693992446219553,0.9999999999,1.0
Cuanto vale instalar teja transparente numero 6?,"['TEJA TRANSPARENTE NO.6 | unidad: m² | precio: $27,477 COP | solo mano de obra: $4,895 COP | región: Barranquilla | fuente: Catálogo Construdata (Barranquilla) | fecha: 2026-08-08 | desglose real: Mano de obra: MANO DE OBRA AA (0.45 hc): $10,878 COP; Material: GANCHO TEJA ETERNIT 55 MM (1.3 un): $259 COP, TEJA MAXILIT ONDULADA PF/7 NO. 6 (1.01 un): $22,025 COP', 'HORA CUADRILLA BB - PRESTACIONES hc 0.30 6,141 6,141 6,141 6,141 HORA CUADRILLA BB - PRESTACIONES | unidad: hc | precio: $20,470 COP | región: Barranquilla | fuente: Catálogo Construdata (Barranquilla) | fecha: 2026-08-08', 'HORA CUADRILLA BB - PRESTACIONES hc 0.30 6,141 6,141 6,141 6,141 MORTERO 1:3 IMPERMEABILIZADO | unidad: m³ | precio: $492,800 COP | región: Barranquilla | fuente: Catálogo Construdata (Barranquilla) | fecha: 2026-08-08', 'HERRAMIENTA MENOR % 10.00 6,492 6,492 6,492 6,492 BARRA CORRUGADA G-60 3/8"" (6M) | unidad: un | precio: $8,633 COP | región: Barranquilla | fuente: Catálogo Construdata (Barranquilla) | fecha: 2026-08-08', 'HORA CUADRILLA BB - PRESTACIONES hc 0.30 6,141 6,141 6,141 6,141 CINTA TEFLÓN GAS X 10M | unidad: m | precio: $1,000 COP | región: Barranquilla | fuente: Catálogo Construdata (Barranquilla) | fecha: 2026-08-08', 'HORA CUADRILLA BB - PRESTACIONES hc 0.30 6,141 6,141 6,141 6,141 HERRAMIENTA MENOR | unidad: % | precio: $54 COP | región: Barranquilla | fuente: Catálogo Construdata (Barranquilla) | fecha: 2026-08-08', 'HORA CUADRILLA BB - PRESTACIONES hc 0.30 6,141 6,141 6,141 6,141 PASTA FUNDENTE (8 ONZAS) | unidad: un | precio: $8,400 COP | región: Barranquilla | fuente: Catálogo Construdata (Barranquilla) | fecha: 2026-08-08', 'HORA CUADRILLA CC - PRESTACIONES hc 0.16 6,000 6,000 6,000 6,000 DISTANCIADOR CM-20 6.5MM-5/8"" | unidad: un | precio: $285 COP | región: Barranquilla | fuente: Catálogo Construdata (Barranquilla) | fecha: 2026-08-08']","Instalar teja transparente No. 6 cuesta $27,477 COP por m², según el Catálogo Construdata (Barranquilla) del 2026-08-08. 

Desglose de costos:
- Mano de obra: $4,895 COP por m².
- Materiales:
  - Gancho teja Eternit 55 mm: $259 COP (1.3 unidades).
  - Teja Maxilit ondulada PF/7 No. 6: $22,025 COP (1.01 unidades).

Si necesitas más detalles o un desglose diferente, házmelo saber.",Instalar teja transparente No. 6 cuesta $27.477 COP por m² en Barranquilla (Catálogo Construdata).,0.7142857142857143,0.9372714779822967,0.5694444444254629,1.0
Que precio tiene el zocalo en marmol travertino de 7.3 cm?,"['ZOCALO MARMOL TRAVERTINO 7.3CM | unidad: m | precio: $10,880 COP | solo mano de obra: $8,702 COP | región: Barranquilla | fuente: Catálogo Construdata (Barranquilla) | fecha: 2026-08-08 | desglose real: Mano de obra: MANO DE OBRA AA (0.8 hc): $10,878 COP; Material: AGUA (0.45 lt): $11 COP, ARENA DE REVOQUE (0.01 m³): $0 COP, ARENA FINA (0.01 m³): $0 COP, ARENA LAVADA DE PEÑA (0.01 m³): $0 COP, ARENA LAVADA JUAN DE ACOSTA (0.01 m³): $24,500 COP, CEMENTO BLANCO (0.1 kg): $980 COP, CEMENTO GRIS (0.98 kg): $224 COP, ZÓCALO MÁRMOL TRAVESAÑO PERUANO CLARO (0.14 m²): $11,500 COP', 'ZOCALO MARMOL NEGRO 7.3CM | unidad: m | precio: $9,676 COP | solo mano de obra: $8,702 COP | región: Barranquilla | fuente: Catálogo Construdata (Barranquilla) | fecha: 2026-08-08', 'Ladrillo Tipo H10 En Arcilla, Dimensiones: 10 Cm X 20 Cm X 30 Cm — mejor precio real: FERCONLOG S.A.S | unidad: und | precio: $1,046 COP | región: Bogotá, D. C. | fuente: Catálogo IAD MIPYMES — Colombia Compra Eficiente (proveedor real con el mejor precio, de 78 proveedores mipyme nacionales) | variabilidad real de mercado: Comparado entre 66 proveedores mipyme reales de todo el país (rango $1,046–$76,496 COP sin IVA)', 'Ladrillo Para Fachada En Arcilla, Farol 6 Huecos Rayado 30 Cm X 10 Cm X 20 Cm 15U/M2 5 Kilos — mejor precio real: LUIS ALVARO GOMEZ LOPEZ (FERREMATERIALES EL TRIUNFO) | unidad: und | precio: $1,500 COP | región: Nacional | fuente: Catálogo IAD MIPYMES — Colombia Compra Eficiente (proveedor real con el mejor precio, de 78 proveedores mipyme nacionales) | variabilidad real de mercado: Comparado entre 65 proveedores mipyme reales de todo el país (rango $1,500–$76,496 COP sin IVA)', 'MARMOL TRAVERTINO ROMANO | unidad: m² | precio: $344,964 COP | solo mano de obra: $14,140 COP | región: Barranquilla | fuente: Catálogo Construdata (Barranquilla) | fecha: 2026-08-08', 'MÁRMOL TRAVERTINO BRILLADO 20MM | unidad: m² | precio: $476,000 COP | región: Barranquilla | fuente: Catálogo Construdata (Barranquilla) | fecha: 2026-08-08', 'ZÓCALO MÁRMOL TRAVESAÑO PERUANO CLARO | unidad: m² | precio: $11,500 COP | región: Barranquilla | fuente: Catálogo Construdata (Barranquilla) | fecha: 2026-08-08', 'Suminsitro e instalacion de tubo galvanizado de 1 1/2"" cal. 14"" para instalacion de concertina, logitud de 60 a 70 centimetros, 20 cm envevido en muro y 50 cm fuera, fijado con anclajes a viga o muro, con tapon plastico asegurado con remaches, aplicacion de anticorrosivo y pintura epoxica a dos manos y acabado en esmalte color que indique la interventoria.  Se debe ubicar cuatro argollas en cada tubo para tensionar guias de la concertina, dos superiores y dos inferiores, deben ser resistentes para la funcion que van a realizar, o el proveedor debe presentar otra opcion la cual debe ser aprobada por la interventoría.  Incluye soldadura. | unidad: Und | precio: $23,000 COP | región: Barranquilla | fuente: Cotización real de proveedor — cerca de seguridad/concertina (Atlántico) | fecha: 2024-06-05']","El precio del zócalo en mármol travertino de 7.3 cm es de $10,880 COP por metro (m). La mano de obra para su instalación es de $8,702 COP. Esta información proviene del Catálogo Construdata (Barranquilla) y fue actualizada el 2026-08-08.",El zócalo en mármol travertino de 7.3 cm cuesta $10.880 COP por metro lineal en Barranquilla (Catálogo Construdata).,1.0,0.9430931620428156,0.9999999999,1.0
Cuanto cuesta el pasamanos de escalera .15x.02?,"['PASAMANOS ESCAL. .15X.02 | unidad: m | precio: $26,658 COP | solo mano de obra: $13,052 COP | región: Barranquilla | fuente: Catálogo Construdata (Barranquilla) | fecha: 2026-08-08 | desglose real: Mano de obra: MANO DE OBRA DD (1.0 hc): $13,052 COP; Material: CEDRO MACHO PIEZA 3.0 (0.1 un): $50,000 COP, PUNTILLA SIN CABEZA 1” (0.1 lb): $2,690 COP, SUB-CONTRATO CARPINTERIA (45.0 %): $184 COP, TORNILLO PARA MADERA 2” NO.9 (2.0 un): $32 COP', 'PASAMANOS FLORM. 15X.02 | unidad: m | precio: $29,144 COP | solo mano de obra: $13,052 COP | región: Barranquilla | fuente: Catálogo Construdata (Barranquilla) | fecha: 2026-08-08', 'ESCALERA DE GATO | unidad: m | precio: $94,799 COP | región: Barranquilla | fuente: Catálogo Construdata (Barranquilla) | fecha: 2026-08-08', 'ESCALERA DE GATO | unidad: m | precio: $117,875 COP | región: Barranquilla | fuente: Catálogo Construdata (Barranquilla) | fecha: 2026-08-08', 'PASOS ESCALERA VINILO | unidad: un | precio: $13,101 COP | región: Barranquilla | fuente: Catálogo Construdata (Barranquilla) | fecha: 2026-08-08', 'PASOS ESCALERA VINILO | unidad: un | precio: $12,719 COP | región: Barranquilla | fuente: Catálogo Construdata (Barranquilla) | fecha: 2026-08-08', 'HUELLA DE ESCALERA EN PVC 30CM | unidad: m | precio: $36,669 COP | región: Barranquilla | fuente: Catálogo Construdata (Barranquilla) | fecha: 2026-08-08', 'CONTRAHUELLA DE ESCALERA EN PVC 20CM | unidad: m | precio: $19,222 COP | región: Barranquilla | fuente: Catálogo Construdata (Barranquilla) | fecha: 2026-08-08']","El pasamanos de escalera de dimensiones 0.15x0.02 cuesta $26,658 COP por metro. Este precio incluye mano de obra y materiales. La mano de obra específica es de $13,052 COP. Esta información proviene del Catálogo Construdata (Barranquilla) y fue actualizada el 8 de agosto de 2026.",El pasamanos de escalera .15x.02 cuesta $26.658 COP por metro lineal en Barranquilla (Catálogo Construdata).,0.8,0.9611566079005524,0.9999999999,1.0
Cual es el precio de una valvula de bola para medidor?,"['VALVULA DE BOLA PARA MEDIDOR | unidad: un | precio: $12,418 COP | solo mano de obra: $1,555 COP | región: Barranquilla | fuente: Catálogo Construdata (Barranquilla) | fecha: 2026-08-08 | desglose real: Mano de obra: MANO DE OBRA BB (0.13 hc): $11,962 COP; Material: ANTICORROSIVO ROJO CLARO (0.01 gl): $30,800 COP, LOCTIGAS F/MEDIA 36 ML (0.02 un): $13,050 COP, VÁLVULA DE BOLA PARA MEDIDOR (1.02 un): $10,092 COP', 'VÁLVULA DE BOLA PARA MEDIDOR | unidad: un | precio: $10,092 COP | región: Barranquilla | fuente: Catálogo Construdata (Barranquilla) | fecha: 2026-08-08', 'VÁLVULA DE BOLA PARA MEDIDOR | unidad: un | precio: $10,092 COP | región: Barranquilla | fuente: Catálogo Construdata (Barranquilla) | fecha: 2026-08-08', 'VÁLVULA DE BOLA PARA MEDIDOR | unidad: un | precio: $10,092 COP | región: Barranquilla | fuente: Catálogo Construdata (Barranquilla) | fecha: 2026-08-08', 'Reposición de Medidor de 2"" con valvula | unidad: un | precio: $84,793 COP | región: Barranquilla | fuente: Contrato real ejecutado — redes de acueducto/alcantarillado (Atlántico) | fecha: 2026-08-08', 'Valvula De Bola En Pvc 2” — mejor precio real: LUIS ALVARO GOMEZ LOPEZ (FERREMATERIALES EL TRIUNFO) | unidad: und | precio: $19,000 COP | región: Nacional | fuente: Catálogo IAD MIPYMES — Colombia Compra Eficiente (proveedor real con el mejor precio, de 78 proveedores mipyme nacionales) | variabilidad real de mercado: Comparado entre 63 proveedores mipyme reales de todo el país (rango $19,000–$12,198,051 COP sin IVA)', 'VALVULA DE BOLA 1/2” HNPT | unidad: un | precio: $12,519 COP | solo mano de obra: $1,555 COP | región: Barranquilla | fuente: Catálogo Construdata (Barranquilla) | fecha: 2026-08-08', 'Reposición de Medidor de 4"" con Válvula | unidad: un | precio: $169,522 COP | región: Barranquilla | fuente: Contrato real ejecutado — redes de acueducto/alcantarillado (Atlántico) | fecha: 2026-08-08']","El precio de una válvula de bola para medidor en Barranquilla es de $10,092 COP, según el Catálogo Construdata (Barranquilla) del 2026-08-08. También hay un precio total de $12,418 COP que incluye mano de obra y materiales, pero el costo solo de la válvula es el mencionado.",La válvula de bola para medidor cuesta $12.418 COP por unidad en Barranquilla (Catálogo Construdata).,1.0,0.9471682989717048,0.642857142825,1.0
Cuanto vale la conexion de un tanque elevado en PVC?,"['CONEXIÓN TANQUE ELEVADO PVC | unidad: un | precio: $339,628 COP | solo mano de obra: $119,650 COP | región: Barranquilla | fuente: Catálogo Construdata (Barranquilla) | fecha: 2026-08-08 | desglose real: Mano de obra: MANO DE OBRA BB (10.0 hc): $11,965 COP; Material: CODO 90° PRESIÓN PVC 1” (2.1 un): $1,409 COP, CODO 90° PRESIÓN PVC 2” (2.1 un): $8,295 COP, REGISTRO TOYO 2” (1.0 un): $85,000 COP, SOLDADURA PVC LIQUIDA 1/4 (0.05 un): $56,160 COP, SUB-CONTRATO HIDRAULICO Y SANITARIO (38.0 %): $2,461 COP, TUBO PRESIÓN /13.5 PVC 1” (1.05 m): $4,953 COP, TUBO PRESIÓN /21 PVC 2” (1.05 m): $12,448 COP', 'CONEXIÓN TANQUE ELEVADO GALV | unidad: un | precio: $505,820 COP | solo mano de obra: $239,300 COP | región: Barranquilla | fuente: Catálogo Construdata (Barranquilla) | fecha: 2026-08-08', 'TANQUE ELEVADO | unidad: m³ | precio: $521,340 COP | solo mano de obra: $174,902 COP | región: Barranquilla | fuente: Catálogo Construdata (Barranquilla) | fecha: 2026-08-08', 'Tanque de combustible para planta de emergencia en la PTAR Piojo. | unidad: UND | precio: $960,000 COP | región: Atlántico | fuente: Cotización real — planta de tratamiento de aguas residuales (Atlántico) | fecha: 2026-08-08', 'Valvula De Bola En Pvc 2” — mejor precio real: LUIS ALVARO GOMEZ LOPEZ (FERREMATERIALES EL TRIUNFO) | unidad: und | precio: $19,000 COP | región: Nacional | fuente: Catálogo IAD MIPYMES — Colombia Compra Eficiente (proveedor real con el mejor precio, de 78 proveedores mipyme nacionales) | variabilidad real de mercado: Comparado entre 63 proveedores mipyme reales de todo el país (rango $19,000–$12,198,051 COP sin IVA)', 'Union De Reparación En Pvc De 1"" — mejor precio real: EL NOGAL MATERIALES DE CONSTRUCCION S.A | unidad: und | precio: $9,446 COP | región: Nacional | fuente: Catálogo IAD MIPYMES — Colombia Compra Eficiente (proveedor real con el mejor precio, de 78 proveedores mipyme nacionales) | variabilidad real de mercado: Comparado entre 61 proveedores mipyme reales de todo el país (rango $9,446–$224,024 COP sin IVA)', 'Union De Reparación En Pvc De 2"" — mejor precio real: ZACOL S.A.S | unidad: und | precio: $21,000 COP | región: Valledupar, Cesar | fuente: Catálogo IAD MIPYMES — Colombia Compra Eficiente (proveedor real con el mejor precio, de 78 proveedores mipyme nacionales) | variabilidad real de mercado: Comparado entre 61 proveedores mipyme reales de todo el país (rango $21,000–$2,468,635 COP sin IVA)', 'Union De Reparación En Pvc De 3"" — mejor precio real: CLAUDIA PATRICIA MURILLO | unidad: und | precio: $11,226 COP | región: Nacional | fuente: Catálogo IAD MIPYMES — Colombia Compra Eficiente (proveedor real con el mejor precio, de 78 proveedores mipyme nacionales) | variabilidad real de mercado: Comparado entre 63 proveedores mipyme reales de todo el país (rango $11,226–$224,024 COP sin IVA)']","La conexión de un tanque elevado en PVC cuesta $339,628 COP en total, con un costo de mano de obra de $119,650 COP. Esta información proviene del Catálogo Construdata (Barranquilla) y fue actualizada el 8 de agosto de 2026.",La conexión de tanque elevado en PVC cuesta $339.628 COP por unidad en Barranquilla (Catálogo Construdata).,1.0,0.9779155571375225,0.9999999999,1.0
Que precio tienen las camaras electricas dobles?,"['CAMARAS ELECTRICAS DOBLES | unidad: un | precio: $410,181 COP | solo mano de obra: $108,770 COP | región: Barranquilla | fuente: Catálogo Construdata (Barranquilla) | fecha: 2026-08-08 | desglose real: Mano de obra: MANO DE OBRA AA (10.0 hc): $10,877 COP; Material: ACERO FIGURADO 60000 PSI 1/2” (20.63 kg): $1,798 COP, ALAMBRE NEGRO NO.18 (0.62 kg): $1,705 COP, ARENA AMARILLA PUERTO COLOMBIA (0.16 m³): $15,000 COP, ARENA FINA (0.46 m³): $0 COP, ARENA GRUESA 5 M3 (0.16 m³): $0 COP, ARENA LAVADA DE PEÑA (0.46 m³): $0 COP, ARENA LAVADA DE RIO (0.16 m³): $0 COP, ARENA LAVADA JUAN DE ACOSTA (0.46 m³): $24,500 COP, ARENA LAVADA MEISSEN (0.46 m³): $0 COP, ARENA LAVADA PARA CONCRETO (0.16 m³): $0 COP, BASE GRANULAR (0.36 m³): $0 COP, CEMENTO GRIS (255.58 kg): $224 COP, GRAVA CANTO RODADO 1/2 (0.34 m³): $43,500 COP, GRAVILLA DE RIO (0.34 m³): $0 COP, GRAVILLA FINA 1/2” Y 3/4” (0.34 m³): $0 COP, LADRILLO BOCADILLO RECOCIDO (527.41 un): $0 COP, LADRILLO LIMPIO 10-29 (527.41 un): $0 COP, LADRILLO RECOCIDO OSCURO (527.41 un): $0 COP, LADRILLO TOLETE RECOCIDO (527.41 un): $326 COP, RECEBO COMÚN (0.36 m³): $0 COP, ROCA MUERTA 5 M3 (0.36 m³): $0 COP, ZAHORRA B-200 (0.36 m³): $15,600 COP', 'TAPA PARA CAMARA AP DOBLE | unidad: un | precio: $80,304 COP | solo mano de obra: $23,217 COP | región: Barranquilla | fuente: Catálogo Construdata (Barranquilla) | fecha: 2026-08-08', 'TAPA PARA CAMARA AP DOBLE | unidad: un | precio: $80,304 COP | región: Barranquilla | fuente: Catálogo Construdata (Barranquilla) | fecha: 2026-08-08', 'Ventosa 4"" Doble Camara Triple Efecto Bridada Pn 16 .Electrosoldable — mejor precio real: ZACOL S.A.S | unidad: und | precio: $650,000 COP | región: Valledupar, Cesar | fuente: Catálogo IAD MIPYMES — Colombia Compra Eficiente (proveedor real con el mejor precio, de 78 proveedores mipyme nacionales) | variabilidad real de mercado: Comparado entre 56 proveedores mipyme reales de todo el país (rango $650,000–$7,887,830 COP sin IVA)', 'MARCO PARA TAPA CAMARA DOBLE | unidad: un | precio: $154,374 COP | solo mano de obra: $38,775 COP | región: Barranquilla | fuente: Catálogo Construdata (Barranquilla) | fecha: 2026-08-08', 'MARCO PARA TAPA CAMARA DOBLE | unidad: un | precio: $154,374 COP | región: Barranquilla | fuente: Catálogo Construdata (Barranquilla) | fecha: 2026-08-08', 'RED ELÉCTRICA -SALIDAS TOMAS ELÉCTRICAS | precio: $181,764 COP | región: Barranquilla | fuente: Catálogo Construdata (Barranquilla) | fecha: 2026-08-08', 'RED ELÉCTRICA -SALIDAS TOMAS ELÉCTRICAS | precio: $151,223 COP | región: Barranquilla | fuente: Catálogo Construdata (Barranquilla) | fecha: 2026-08-08']","Las cámaras eléctricas dobles tienen un precio de $410,181 COP en Barranquilla. Este precio incluye mano de obra de $108,770 COP. La información proviene del Catálogo Construdata, con fecha de captura del 2026-08-08.",Las cámaras eléctricas dobles cuestan $410.181 COP por unidad en Barranquilla (Catálogo Construdata).,1.0,0.9234512151560447,0.9999999999,1.0
Cuanto cuesta una viga tee 25x25x20x50?,"['VIGA TEE 25X25X20X50 | unidad: m³ | precio: $410,920 COP | solo mano de obra: $97,567 COP | región: Barranquilla | fuente: Catálogo Construdata (Barranquilla) | fecha: 2026-08-08 | desglose real: Equipo: VIBRADOR A GASOLINA (0.04 d): $32,850 COP; Mano de obra: MANO DE OBRA AA (8.97 hc): $10,877 COP; Material: CONCRETO CORRIENTE 3000 PSI (1.1 m³): $274,572 COP, CUARTON OTOBO 2”X4” 2.9 (2.63 m): $0 COP, DURMIENTE 3 M (2.63 m): $850 COP, LARGUERO COMUN 3.5X7.5X3 M (2.45 m): $0 COP, LARGUERO ORDINARIO 3 M (2.63 m): $0 COP, PUNTILLA CON CABEZA 2” (0.7 lb): $2,356 COP, TABLA CHAPA ORDINARIO 0.30 (2.45 m): $0 COP, TABLA OTOBO 0.30 (2.45 m): $0 COP, TABLON CATIVO 0.30 (2.45 m): $2,500 COP', 'VIGA TEE 25X25X20X40 | unidad: m³ | precio: $410,196 COP | solo mano de obra: $97,567 COP | región: Barranquilla | fuente: Catálogo Construdata (Barranquilla) | fecha: 2026-08-08', 'TEE CPVC 1/2"" | unidad: un | precio: $4,985 COP | región: Barranquilla | fuente: Catálogo Construdata (Barranquilla) | fecha: 2026-08-08', 'TEE CPVC 1/2"" | unidad: un | precio: $1,580 COP | región: Barranquilla | fuente: Catálogo Construdata (Barranquilla) | fecha: 2026-08-08', 'TEE COBRE 1/2"" | unidad: un | precio: $5,022 COP | región: Barranquilla | fuente: Catálogo Construdata (Barranquilla) | fecha: 2026-08-08', 'TEE COBRE 1/2” | unidad: un | precio: $6,408 COP | región: Barranquilla | fuente: Catálogo Construdata (Barranquilla) | fecha: 2026-08-08', 'TEE COBRE 1/2"" | unidad: un | precio: $1,868 COP | región: Barranquilla | fuente: Catálogo Construdata (Barranquilla) | fecha: 2026-08-08', 'TEE COBRE 1/2” | unidad: un | precio: $3,686 COP | región: Barranquilla | fuente: Catálogo Construdata (Barranquilla) | fecha: 2026-08-08']","La viga TEE 25x25x20x50 cuesta $410,920 COP por m³. Este precio corresponde a la fuente Catálogo Construdata (Barranquilla) y fue actualizado el 2026-08-08.",La viga tee 25x25x20x50 cuesta $410.920 COP por m³ en Barranquilla (Catálogo Construdata).,1.0,0.9186894706395599,0.9999999999,1.0
Cual es el precio de una tapa de sumidero de 95x45?,"['TAPA SUMIDERO 95X45 | unidad: un | precio: $296,666 COP | solo mano de obra: $10,877 COP | región: Barranquilla | fuente: Catálogo Construdata (Barranquilla) | fecha: 2026-08-08 | desglose real: Mano de obra: MANO DE OBRA AA (1.0 hc): $10,877 COP; Material: MARCO SUMIDERO 100X50X14 (1.0 un): $65,389 COP, SUMIDERO VIAL 95X45X10 (1.0 un): $220,400 COP', 'Suministro e Instalacion de Tapa fabricada en plastico polipropileno de alto impacto con materiales originales, esta tapa tiene como funcionalidad tapa el espacio por donde va ingresar la compuerta plastica, trafico peatonal , dimensiones minimas  265 CMS DE ANCHO x 97 CMS DE LARGO O FONDO x 12.5 CMS DE ALTO.Segun Planos constructivos y especificaciones tecnicas generales Triple A SA ESP. | unidad: Und | precio: $120,000 COP | región: Barranquilla | fuente: Contrato real ejecutado — obras civiles y demoliciones (Atlántico) | fecha: 2026-08-08', 'SUMIDERO VIAL 95X45X10 | unidad: un | precio: $220,400 COP | región: Barranquilla | fuente: Catálogo Construdata (Barranquilla) | fecha: 2026-08-08', 'TAPA SUMIDERO 68X33 | unidad: un | precio: $105,162 COP | solo mano de obra: $8,702 COP | región: Barranquilla | fuente: Catálogo Construdata (Barranquilla) | fecha: 2026-08-08', 'Sumidero estandar | unidad: Un | precio: $6,919,383 COP | región: Barranquilla | fuente: Contrato real ejecutado — redes de acueducto/alcantarillado (Atlántico) | fecha: 2026-08-08', 'ISNTALACION DE TAPA 24"" | unidad: UND | precio: $120,000 COP | región: Puerto Colombia | fuente: Proyecto real ejecutado — obra civil (Atlántico) | fecha: 2026-08-08', 'SUMINISTRO E INSTALACIÓN TAPA INTERRUPTOR DOBLE | unidad: un | precio: $6,342 COP | fuente: Construdata — referencia nacional (no específica de Barranquilla) | fecha: 2026-08-08', 'TAPA PREFABRICADA 90X90 | unidad: un | precio: $174,396 COP | región: Barranquilla | fuente: Catálogo Construdata (Barranquilla) | fecha: 2026-08-08']","El precio de una tapa de sumidero de 95x45 es de $296,666 COP, según el Catálogo Construdata (Barranquilla) del 2026-08-08. También hay una opción de suministro e instalación de una tapa fabricada en plástico polipropileno de alto impacto por $120,000 COP, según un contrato real ejecutado en obras civiles y demoliciones (Atlántico) en la misma fecha.",La tapa de sumidero de 95x45 cuesta $296.666 COP por unidad en Barranquilla (Catálogo Construdata).,0.8,0.8900574061868758,0.9999999999,1.0
Cuanto vale un codo de calle galvanizado de 1/2 pulgada?,"['CODO CALLE GALVANIZADO 1/2"" | unidad: un | precio: $1,309 COP | región: Barranquilla | fuente: Catálogo Construdata (Barranquilla) | fecha: 2026-08-08', 'CODO CALLE GALVANIZADO 1/2” | unidad: un | precio: $3,879 COP | solo mano de obra: $1,555 COP | región: Barranquilla | fuente: Catálogo Construdata (Barranquilla) | fecha: 2026-08-08 | desglose real: Mano de obra: MANO DE OBRA BB (0.13 hc): $11,962 COP; Material: ANTICORROSIVO ROJO CLARO (0.01 gl): $30,800 COP, CODO CALLE GALVANIZADO 1/2” (1.02 un): $1,720 COP, LOCTIGAS F/MEDIA 36 ML (0.02 un): $13,050 COP', 'CODO CALLE GALVANIZADO 1/2” | unidad: un | precio: $1,720 COP | región: Barranquilla | fuente: Catálogo Construdata (Barranquilla) | fecha: 2026-08-08', 'CODO CALLE GALVANIZADO 1/2"" | unidad: un | precio: $3,941 COP | región: Barranquilla | fuente: Catálogo Construdata (Barranquilla) | fecha: 2026-08-08', 'CODO CALLE GALVANIZADO 1/2” | unidad: un | precio: $1,720 COP | región: Barranquilla | fuente: Catálogo Construdata (Barranquilla) | fecha: 2026-08-08', 'TAPÓN COBRE 1/2"" un 1.00 747 747 747 747 CODO CALLE GALVANIZADO 1/2"" | unidad: un | precio: $1,309 COP | región: Barranquilla | fuente: Catálogo Construdata (Barranquilla) | fecha: 2026-08-08', 'CODO GALVANIZADO 1 1/2” | unidad: un | precio: $4,292 COP | región: Barranquilla | fuente: Catálogo Construdata (Barranquilla) | fecha: 2026-08-08', 'CODO GALVANIZADO 1/2” | unidad: un | precio: $5,124 COP | solo mano de obra: $1,555 COP | región: Barranquilla | fuente: Catálogo Construdata (Barranquilla) | fecha: 2026-08-08']","El precio de un codo de calle galvanizado de 1/2"" en Barranquilla varía entre $1,309 y $5,124 COP, dependiendo de la fuente y el desglose de costos. Aquí están los detalles:

- $1,309 COP (Catálogo Construdata, 2026-08-08)
- $1,720 COP (Catálogo Construdata, 2026-08-08)
- $3,879 COP (incluye mano de obra: $1,555 COP; Catálogo Construdata, 2026-08-08)
- $3,941 COP (Catálogo Construdata, 2026-08-08)
- $5,124 COP (incluye mano de obra: $1,555 COP; Catálogo Construdata, 2026-08-08)

La variabilidad real de mercado es notable, así que te recomiendo considerar las opciones más económicas según tu necesidad.","El codo de calle galvanizado de 1/2"" cuesta $3.879 COP por unidad en Barranquilla (Catálogo Construdata).",0.7777777777777778,0.949987876444034,0.5333333333155555,1.0
"Cuanto cuesta el kilo de acero corrugado figurado de 1/4 a 1 pulgada, 60000 PSI?","['HERRAMIENTA MENOR % 10.00 1,675 1,675 1,675 1,675 TORNILLO ACERO 1/4"" | unidad: un | precio: $23 COP | región: Barranquilla | fuente: Catálogo Construdata (Barranquilla) | fecha: 2026-08-08', 'ACERO FIGURADO 60000 PSI 1” | unidad: kg | precio: $1,798 COP | región: Barranquilla | fuente: Catálogo Construdata (Barranquilla) | fecha: 2026-08-08', 'ACERO FIGURADO 60000 PSI 1” | unidad: kg | precio: $1,800 COP | región: Barranquilla | fuente: Catálogo Construdata (Barranquilla) | fecha: 2026-08-08', 'HORA CUADRILLA AA - PRESTACIONES hc 0.10 1,737 1,737 1,737 1,737 DISTANCIADOR CP-30 CLIP PINZA 1/4"" | unidad: un | precio: $335 COP | región: Barranquilla | fuente: Catálogo Construdata (Barranquilla) | fecha: 2026-08-08', 'En zona verde de 1,00 m x 1,00 m 1 m<=H<= 1,40 m. Multifamiliar | unidad: UND | precio: $764,446 COP | región: Barranquilla | fuente: Contrato real ejecutado — redes de acueducto/alcantarillado (Atlántico) | fecha: 2026-08-08', 'ACERO FIGURADO 37000 PSI 1/4” | unidad: kg | precio: $1,798 COP | región: Barranquilla | fuente: Catálogo Construdata (Barranquilla) | fecha: 2026-08-08', 'ACERO FIGURADO 37000 PSI 1/4” | unidad: kg | precio: $1,798 COP | región: Barranquilla | fuente: Catálogo Construdata (Barranquilla) | fecha: 2026-08-08', 'En zona dura de 1,00 m x 1,00 m; 1<= H<= 1,40 m. Multifamiliar | unidad: UND | precio: $869,592 COP | región: Barranquilla | fuente: Contrato real ejecutado — redes de acueducto/alcantarillado (Atlántico) | fecha: 2026-08-08']","El precio del acero figurado de 60000 PSI de 1” es de $1,798 COP por kg y también hay una cotización de $1,800 COP por kg. Ambos precios provienen del Catálogo Construdata en Barranquilla, con fecha del 2026-08-08.","El acero corrugado figurado 1/4""-1"" de 60.000 PSI cuesta $2.617,87 COP por kg (Catálogo Construdata, Barranquilla).",1.0,0.8601483167350212,0.874999999978125,0.0
Cual es el precio del metro cubico de arena de rio en Barranquilla?,"['Box CCP14 con sección interna de 3 x 1 metros, profundidad desde 0,6 metros hasta 1,5 metros y longitud de 1 metro. Peso/un 7,3 Toneladas. Incluye acero de refuerzo. | precio: $7,194,507 COP | región: Centro Oriente | fuente: INVIAS — precios de referencia regionalizados | fecha: 2026-08-08', 'Box CCP14 con sección interna de 6 x 2 metros, profundidad desde 0,6 metros hasta 1,5 metros y longitud de 1 metro. Peso/un 22,8 Toneladas. Incluye acero de refuerzo. | precio: $22,837,130 COP | región: Centro Oriente | fuente: INVIAS — precios de referencia regionalizados | fecha: 2026-08-08', 'Box CCP14 con sección interna de 4 x 1 metros, profundidad desde 0 metros hasta 0,6 metros y longitud de 1 metro. Peso/un 11,9 Toneladas. Incluye acero de refuerzo. | precio: $11,911,532 COP | región: Centro Oriente | fuente: INVIAS — precios de referencia regionalizados | fecha: 2026-08-08', 'Box CCP14 con sección interna de 1 x 2 metros, profundidad desde 1,5 metros hasta 3 metros y longitud de 2 metro. Peso / unidad de 2m: 9,2 Toneladas. Incluye acero de refuerzo. | precio: $5,087,675 COP | región: Centro Oriente | fuente: INVIAS — precios de referencia regionalizados | fecha: 2026-08-08', 'Box CCP14 con sección interna de 1 x 1 metros, profundidad desde 1,5 metros hasta 3 metros y longitud de 2 metros. Peso / unidad de 2m: 4,5 Toneladas. Incluye acero de refuerzo. | precio: $2,252,316 COP | región: Centro Oriente | fuente: INVIAS — precios de referencia regionalizados | fecha: 2026-08-08', 'Box CCP14 con sección interna de 5 x 4 metros, profundidad desde 0,6 metros hasta 1,5 metros y longitud de 1 metro. Peso/un 25,4 Toneladas. Incluye acero de refuerzo. | precio: $25,511,009 COP | región: Centro Oriente | fuente: INVIAS — precios de referencia regionalizados | fecha: 2026-08-08', 'Equipo pesado en cama baja (Área Metropolitana de Barranquilla) | unidad: Viaje | precio: $1,000,000 COP | región: Barranquilla | fuente: Contrato real ejecutado — redes de acueducto/alcantarillado (Atlántico) | fecha: 2026-08-08', 'Agregado fino para mezcla asfáltica (arena de trituración de roca de cantera o de grava natural y arena natural - cantidad máxima de arena natural: 50% del agregado fino) | precio: $86,506 COP | región: Centro Oriente | fuente: INVIAS — precios de referencia regionalizados | fecha: 2026-08-08']","No tengo el precio específico del metro cúbico de arena de río en Barranquilla. Te sugiero buscarlo como ""arena de río"" o ""arena natural"" en proveedores locales o en catálogos de materiales de construcción.",La arena de río cuesta $70.000 COP por m³ en Barranquilla (Catálogo Construdata).,0.3333333333333333,0.0,0.0,0.0
Cuanto vale la arena amarilla de Puerto Colombia?,"['ARENA AMARILLA PUERTO COLOMBIA | unidad: m³ | precio: $15,000 COP | región: Barranquilla | fuente: Catálogo Construdata (Barranquilla) | fecha: 2026-08-08', 'Arena De Peña o arena amarilla — mejor precio real: JEM SUPPLIES SAS | unidad: m3 | precio: $34,657 COP | región: Bogotá, Distrito Capital De Bogotá | fuente: Catálogo IAD MIPYMES — Colombia Compra Eficiente (proveedor real con el mejor precio, de 78 proveedores mipyme nacionales) | variabilidad real de mercado: Comparado entre 60 proveedores mipyme reales de todo el país (rango $34,657–$610,200 COP sin IVA)', 'Agregado grueso gravilla (Puerto Colombia) | unidad: m3 | precio: $231,065 COP | región: Barranquilla | fuente: Contrato real ejecutado — redes de acueducto/alcantarillado (Atlántico) | fecha: 2026-08-08', 'Arena Amarilla | unidad: m3 | precio: $67,347 COP | región: Barranquilla | fuente: Contrato real ejecutado — redes de acueducto/alcantarillado (Atlántico) | fecha: 2026-08-08', 'Agregado fino para mezcla asfáltica (arena de trituración de roca de cantera o de grava natural y arena natural - cantidad máxima de arena natural: 50% del agregado fino) | precio: $57,526 COP | región: Occidental | fuente: INVIAS — precios de referencia regionalizados | fecha: 2026-08-08', 'Agregado fino para mezcla asfáltica (arena de trituración de roca de cantera o de grava natural y arena natural - cantidad máxima de arena natural: 50% del agregado fino) | precio: $86,506 COP | región: Centro Oriente | fuente: INVIAS — precios de referencia regionalizados | fecha: 2026-08-08', 'Agregado grueso granzón (Puerto Colombia) | unidad: m3 | precio: $221,242 COP | región: Barranquilla | fuente: Contrato real ejecutado — redes de acueducto/alcantarillado (Atlántico) | fecha: 2026-08-08', 'Agregado grueso triturado (Puerto Colombia) | unidad: m3 | precio: $231,065 COP | región: Barranquilla | fuente: Contrato real ejecutado — redes de acueducto/alcantarillado (Atlántico) | fecha: 2026-08-08']","La arena amarilla de Puerto Colombia tiene un precio de $15,000 COP por m³, según el Catálogo Construdata (Barranquilla) con fecha del 2026-08-08. Además, hay otra referencia de arena amarilla que se cotiza a $67,347 COP por m³, proveniente de un contrato real ejecutado en redes de acueducto/alcantarillado (Atlántico) también con fecha del 2026-08-08.","La arena amarilla de Puerto Colombia cuesta $15.000 COP por m³ (Catálogo Construdata, Barranquilla).",1.0,0.8970938405335873,0.9999999999,1.0
Cuanto cuesta la hora de un ayudante de albañileria?,"['HORA AYUDANTE ALBAÑILERÍA PREST. | unidad: hh | precio: $7,132 COP | región: Barranquilla | fuente: Catálogo Construdata (Barranquilla) | fecha: 2026-08-08', 'AYUDANTE ALBAÑILERÍA (A) | unidad: hh | precio: $2,461 COP | región: Barranquilla | fuente: Catálogo Construdata (Barranquilla) | fecha: 2026-08-08', 'HORA AYUDANTE AA - PRESTACIONES | unidad: hh | precio: $7,133 COP | región: Barranquilla | fuente: Catálogo Construdata (Barranquilla) | fecha: 2026-08-08', 'HORA AYUDANTE PINTURA - PRESTACIONES | unidad: hh | precio: $10,887 COP | región: Barranquilla | fuente: Catálogo Construdata (Barranquilla) | fecha: 2026-08-08', 'Dia hombre ayudante | unidad: Dia | precio: $47,227 COP | región: Puerto Colombia | fuente: Contrato real ejecutado — demoliciones y pavimentos, Puerto Colombia (2016) | fecha: 2026-08-08', 'Dia hombre ayudante | unidad: Dia | precio: $53,716 COP | región: Puerto Colombia | fuente: Contrato real ejecutado — vía urbana Puerto Colombia (catálogo 2017-2019) | fecha: 2026-08-08', 'OFICIAL ALBAÑILERIA (A) | unidad: hh | precio: $6,876 COP | región: Barranquilla | fuente: Catálogo Construdata (Barranquilla) | fecha: 2026-08-08', 'Ayudante | unidad: jornal | precio: $35,556 COP | región: Barranquilla | fuente: Proyecto real ejecutado — acometidas de acueducto (Atlántico) | fecha: 2026-08-08']","La hora de un ayudante de albañilería en Barranquilla cuesta entre $2,461 COP y $7,133 COP. 

- $2,461 COP — Catálogo Construdata (Barranquilla), fecha: 2026-08-08.
- $7,133 COP — Catálogo Construdata (Barranquilla), fecha: 2026-08-08.

Esto muestra la variabilidad en el precio según la fuente.","La hora de ayudante de albañilería (A) cuesta $2.461 COP (Catálogo Construdata, Barranquilla).",1.0,0.934094071045888,0.5833333333041666,1.0
Que precio tiene el metro cuadrado de baldosa alfa L1 de 33x33?,"['Box CCP14 con sección interna de 6 x 2 metros, profundidad desde 0,6 metros hasta 1,5 metros y longitud de 1 metro. Peso/un 22,8 Toneladas. Incluye acero de refuerzo. | precio: $22,837,130 COP | región: Centro Oriente | fuente: INVIAS — precios de referencia regionalizados | fecha: 2026-08-08', 'Box CCP14 con sección interna de 1 x 1 metros, profundidad desde 1,5 metros hasta 3 metros y longitud de 2 metros. Peso / unidad de 2m: 4,5 Toneladas. Incluye acero de refuerzo. | precio: $2,252,316 COP | región: Centro Oriente | fuente: INVIAS — precios de referencia regionalizados | fecha: 2026-08-08', 'Box CCP14 con sección interna de 4 x 1 metros, profundidad desde 0 metros hasta 0,6 metros y longitud de 1 metro. Peso/un 11,9 Toneladas. Incluye acero de refuerzo. | precio: $11,911,532 COP | región: Centro Oriente | fuente: INVIAS — precios de referencia regionalizados | fecha: 2026-08-08', 'Box CCP14 con sección interna de 3 x 1 metros, profundidad desde 0,6 metros hasta 1,5 metros y longitud de 1 metro. Peso/un 7,3 Toneladas. Incluye acero de refuerzo. | precio: $7,194,507 COP | región: Centro Oriente | fuente: INVIAS — precios de referencia regionalizados | fecha: 2026-08-08', 'Box CCP14 con sección interna de 1 x 2 metros, profundidad desde 1,5 metros hasta 3 metros y longitud de 2 metro. Peso / unidad de 2m: 9,2 Toneladas. Incluye acero de refuerzo. | precio: $5,087,675 COP | región: Centro Oriente | fuente: INVIAS — precios de referencia regionalizados | fecha: 2026-08-08', 'Box CCP14 con sección interna de 5 x 4 metros, profundidad desde 0,6 metros hasta 1,5 metros y longitud de 1 metro. Peso/un 25,4 Toneladas. Incluye acero de refuerzo. | precio: $25,511,009 COP | región: Centro Oriente | fuente: INVIAS — precios de referencia regionalizados | fecha: 2026-08-08', 'BALDOSA ALFA L1 33 X 33 | unidad: m² | precio: $30,160 COP | región: Barranquilla | fuente: Catálogo Construdata (Barranquilla) | fecha: 2026-08-08', 'Cinta En Malla Para Drywall 60 Metros Cuadrado — mejor precio real: ELMER SCHNEIDER CASA ANDINA SAS | unidad: und | precio: $5,400 COP | región: Pasto, Nariño | fuente: Catálogo IAD MIPYMES — Colombia Compra Eficiente (proveedor real con el mejor precio, de 78 proveedores mipyme nacionales) | variabilidad real de mercado: Comparado entre 67 proveedores mipyme reales de todo el país (rango $5,400–$273,200 COP sin IVA)']","El precio del metro cuadrado de baldosa Alfa L1 de 33 x 33 es de $30,160 COP. Esta información proviene del Catálogo Construdata en Barranquilla, con fecha del 2026-08-08.","La baldosa Alfa L1 33x33 cuesta $30.160,19 COP por m² (Catálogo Construdata, Barranquilla).",1.0,0.9154331562394838,0.14285714284285714,1.0
Cuanto vale un bloque de concreto de 20x20x40?,"['BLOQUE CONCRETO 20X20X40 | unidad: un | precio: $2,050 COP | región: Barranquilla | fuente: Catálogo Construdata (Barranquilla) | fecha: 2026-08-08', 'BLOQUE CONCRETO 10X20X40 | unidad: un | precio: $835 COP | región: Barranquilla | fuente: Catálogo Construdata (Barranquilla) | fecha: 2026-08-08', 'Mampostería en bloque vibrado de concreto relleno con concreto e = 0,20 m | unidad: m2 | precio: $195,343 COP | región: Barranquilla | fuente: Contrato real ejecutado — redes de acueducto/alcantarillado (Atlántico) | fecha: 2026-08-08', 'Mampostería en bloque vibrado de concreto relleno con concreto e = 0,12 m | unidad: m2 | precio: $132,081 COP | región: Barranquilla | fuente: Contrato real ejecutado — redes de acueducto/alcantarillado (Atlántico) | fecha: 2026-08-08', 'Mampostería en bloque vibrado de concreto abuzardado relleno con concreto e = 0,20 m | unidad: m2 | precio: $224,644 COP | región: Barranquilla | fuente: Contrato real ejecutado — redes de acueducto/alcantarillado (Atlántico) | fecha: 2026-08-08', 'Mampostería en bloque vibrado de concreto relleno con concreto e = 0,15 m | unidad: m2 | precio: $183,695 COP | región: Barranquilla | fuente: Contrato real ejecutado — redes de acueducto/alcantarillado (Atlántico) | fecha: 2026-08-08', 'Mampostería en bloque vibrado de concreto abuzardado relleno con concreto e = 0,15 m | unidad: m2 | precio: $211,249 COP | región: Barranquilla | fuente: Contrato real ejecutado — redes de acueducto/alcantarillado (Atlántico) | fecha: 2026-08-08', 'BLOQUE CONCRETO C22-85 | unidad: un | precio: $1,740 COP | región: Barranquilla | fuente: Catálogo Construdata (Barranquilla) | fecha: 2026-08-08']","El bloque de concreto 20x20x40 tiene un precio de $2,050 COP por unidad. Esta información proviene del Catálogo Construdata (Barranquilla) y fue actualizada el 2026-08-08.","El bloque de concreto 20x20x40 cuesta $2.050,04 COP por unidad (Catálogo Construdata, Barranquilla).",1.0,0.904538349331387,0.9999999999,1.0
Cuanto cuesta un adaptador macho de presion PVC de 1/2 pulgada?,"['Adaptador Hembra Pvc 1/2 Este Adaptador A Presión De 1/2"" - En Presentación Por Unidades. — mejor precio real: EL NOGAL MATERIALES DE CONSTRUCCION S.A | unidad: und | precio: $333 COP | región: Nacional | fuente: Catálogo IAD MIPYMES — Colombia Compra Eficiente (proveedor real con el mejor precio, de 78 proveedores mipyme nacionales) | variabilidad real de mercado: Comparado entre 71 proveedores mipyme reales de todo el país (rango $333–$31,910 COP sin IVA)', 'Accesorios De Material Plástico Para Tuberías;Adaptador Macho Alta Presion En Pvc Diametro 1/2"" — mejor precio real: GRUPO TOTAL 2020 SAS | unidad: und | precio: $252 COP | región: Valledupar, Cesar | fuente: Catálogo IAD MIPYMES — Colombia Compra Eficiente (proveedor real con el mejor precio, de 78 proveedores mipyme nacionales) | variabilidad real de mercado: Comparado entre 68 proveedores mipyme reales de todo el país (rango $252–$32,000 COP sin IVA)', 'ADAPTADOR MACHO PRESIÓN PVC 1/2"" | unidad: un | precio: $336 COP | región: Barranquilla | fuente: Catálogo Construdata (Barranquilla) | fecha: 2026-08-08', 'ADAPTADOR MACHO PRESIÓN PVC 1"" | unidad: un | precio: $1,271 COP | región: Barranquilla | fuente: Catálogo Construdata (Barranquilla) | fecha: 2026-08-08', 'ADAPTADOR MACHO CPVC 1/2"" | unidad: un | precio: $4,675 COP | región: Barranquilla | fuente: Catálogo Construdata (Barranquilla) | fecha: 2026-08-08 | desglose real: Equipo: HERRAMIENTA MENOR (10.0 %): $42 COP; Material: ADAPTADOR MACHO CPVC ULTRATEM 1/2"" (1.0 un): $1,299 COP, HORA CUADRILLA BB - PRESTACIONES (0.1 hc): $20,470 COP, LIMPIADOR PARA PVC Y CPVC (1/4 GL.) (0.01 un): $44,300 COP, SOLDADURA CPVC FGG NTC 4455 (1/8 GL.) (0.01 un): $46,100 COP', 'ADAPTADOR MACHO PVCP 1/2"" | unidad: un | precio: $3,547 COP | región: Barranquilla | fuente: Catálogo Construdata (Barranquilla) | fecha: 2026-08-08', 'ADAPTADOR MACHO PRESIÓN PVC 3/4"" | unidad: un | precio: $608 COP | región: Barranquilla | fuente: Catálogo Construdata (Barranquilla) | fecha: 2026-08-08', 'ADAPTADOR HEMBRA PRESIÓN PVC 1/2"" | unidad: un | precio: $378 COP | región: Barranquilla | fuente: Catálogo Construdata (Barranquilla) | fecha: 2026-08-08']","El precio de un adaptador macho de presión PVC de 1/2"" es de $336 COP en Barranquilla, según el Catálogo Construdata (fecha: 2026-08-08). 

Además, a nivel nacional, el mejor precio real es de $333 COP, ofrecido por EL NOGAL MATERIALES DE CONSTRUCCION S.A, según el Catálogo IAD MIPYMES — Colombia Compra Eficiente, con una variabilidad real de mercado que va de $333 a $31,910 COP sin IVA, comparado entre 71 proveedores mipyme reales de todo el país.","El adaptador macho presión PVC de 1/2"" cuesta $336 COP por unidad (Catálogo Construdata, Barranquilla).",1.0,0.902241468934842,0.41111111109740744,1.0
Cual es el precio del galon de ACPM en Barranquilla?,"['A.C.P.M. BARRANQUILLA | unidad: gl | precio: $3,732 COP | región: Barranquilla | fuente: Catálogo Construdata (Barranquilla) | fecha: 2026-08-08', 'Equipo pesado en cama baja (Área Metropolitana de Barranquilla) | unidad: Viaje | precio: $1,000,000 COP | región: Barranquilla | fuente: Contrato real ejecutado — redes de acueducto/alcantarillado (Atlántico) | fecha: 2026-08-08', 'Pintura En Aceite Negro Cuñete De 5 Galones — mejor precio real: INDUPROYECTOS DEL ORIENTE S.A.S | unidad: Galon | precio: $69,920 COP | región: Bogotá, D. C. | fuente: Catálogo IAD MIPYMES — Colombia Compra Eficiente (proveedor real con el mejor precio, de 78 proveedores mipyme nacionales) | variabilidad real de mercado: Comparado entre 65 proveedores mipyme reales de todo el país (rango $69,920–$3,135,025 COP sin IVA)', 'Pintura En Aceite Verde Esmeralda Cuñete De 5 Galones — mejor precio real: INDUPROYECTOS DEL ORIENTE S.A.S | unidad: Galon | precio: $69,920 COP | región: Bogotá, D. C. | fuente: Catálogo IAD MIPYMES — Colombia Compra Eficiente (proveedor real con el mejor precio, de 78 proveedores mipyme nacionales) | variabilidad real de mercado: Comparado entre 64 proveedores mipyme reales de todo el país (rango $69,920–$3,135,025 COP sin IVA)', 'Equipo Liviano (Área Metropolitana de Barranquilla) | unidad: Viaje | precio: $450,000 COP | región: Barranquilla | fuente: Contrato real ejecutado — redes de acueducto/alcantarillado (Atlántico) | fecha: 2026-08-08', 'Pintura De Aceite Cualquier Color Brillante X Galón — mejor precio real: LUIS ALVARO GOMEZ LOPEZ (FERREMATERIALES EL TRIUNFO) | unidad: und | precio: $58,000 COP | región: Nacional | fuente: Catálogo IAD MIPYMES — Colombia Compra Eficiente (proveedor real con el mejor precio, de 78 proveedores mipyme nacionales) | variabilidad real de mercado: Comparado entre 67 proveedores mipyme reales de todo el país (rango $58,000–$546,400 COP sin IVA)', 'Carrotanque de agua (1000 Galones) | precio: $69,856 COP | región: Centro Oriente | fuente: INVIAS — precios de referencia regionalizados | fecha: 2026-08-08', 'Pintura De Vinilo: Su Presentacion Es De 5 Galones — mejor precio real: INDUPROYECTOS DEL ORIENTE S.A.S | unidad: und | precio: $205,200 COP | región: Bogotá, D. C. | fuente: Catálogo IAD MIPYMES — Colombia Compra Eficiente (proveedor real con el mejor precio, de 78 proveedores mipyme nacionales) | variabilidad real de mercado: Comparado entre 66 proveedores mipyme reales de todo el país (rango $205,200–$1,807,273 COP sin IVA)']","El precio del galón de ACPM en Barranquilla es de $3,732 COP. Esta información proviene del Catálogo Construdata, con fecha del 2026-08-08.","El galón de A.C.P.M. en Barranquilla cuesta $3.731,82 COP (Catálogo Construdata).",1.0,0.9630116476550591,0.9999999999,0.0
Cuanto vale una abrazadera colgante horizontal de 4 pulgadas?,"['ABRAZADERA COLGANTE HORIZONTAL DE 4"" | unidad: un | precio: $7,558 COP | región: Barranquilla | fuente: Catálogo Construdata (Barranquilla) | fecha: 2026-08-08', 'ABRAZADERA COLGANTE HORIZONTAL DE 6"" | unidad: un | precio: $10,076 COP | región: Barranquilla | fuente: Catálogo Construdata (Barranquilla) | fecha: 2026-08-08', 'ABRAZADERA COLGANTE HORIZONTAL DE 2"" | unidad: un | precio: $3,360 COP | región: Barranquilla | fuente: Catálogo Construdata (Barranquilla) | fecha: 2026-08-08', 'TELA ASFÁLTICA N°15 (40M2) un 0.08 4,991 4,991 4,991 4,991 ANCLAJES PARA BARRA-MEMBRANA | unidad: un | precio: $2,298 COP | región: Barranquilla | fuente: Catálogo Construdata (Barranquilla) | fecha: 2026-08-08', 'HERRAMIENTA MENOR % 10.00 4,187 4,187 4,187 4,187 HERRAMIENTA MENOR | unidad: % | precio: $2,842 COP | región: Barranquilla | fuente: Catálogo Construdata (Barranquilla) | fecha: 2026-08-08', 'TELA ASFÁLTICA N°15 (40M2) un 0.07 4,367 4,367 4,367 4,367 SELLANTE PARA BORDES RECORTADOS | unidad: un | precio: $161,200 COP | región: Barranquilla | fuente: Catálogo Construdata (Barranquilla) | fecha: 2026-08-08', 'SELLANTE ADHESIVO TEXSAELASTIK un 0.08 4,565 4,565 4,565 4,565 SELLANTE PARA BORDES RECORTADOS | unidad: un | precio: $161,200 COP | región: Barranquilla | fuente: Catálogo Construdata (Barranquilla) | fecha: 2026-08-08', 'Enrasador o regla articulada de chequeo con rótula y extensiones suficientes para abarcar el ancho de pavimentación. La sección mínima de este elemento es de diez centímetros (10 cm) por cinco centímetros (5 cm) (4 pulgadas por 2 pulgadas), longitud o ancho mínimo de tres metros (3 m). | precio: $4,109 COP | región: Centro Oriente | fuente: INVIAS — precios de referencia regionalizados | fecha: 2026-08-08']","La abrazadera colgante horizontal de 4"" cuesta $7,558 COP. Este precio es de Barranquilla y proviene del Catálogo Construdata, con fecha de captura del 2026-08-08.","La abrazadera colgante horizontal de 4"" cuesta $7.558 COP por unidad (Catálogo Construdata, Barranquilla).",1.0,0.9449730616796173,0.9999999999,1.0
Cuanto cuesta una bajante PVC blanco de extremo liso de 3 metros?,"['Box CCP14 con sección interna de 3 x 1 metros, profundidad desde 0,6 metros hasta 1,5 metros y longitud de 1 metro. Peso/un 7,3 Toneladas. Incluye acero de refuerzo. | precio: $7,194,507 COP | región: Centro Oriente | fuente: INVIAS — precios de referencia regionalizados | fecha: 2026-08-08', 'BAJANTE PVC BLANCO EXTREMO LISO (3M) | unidad: un | precio: $65,058 COP | región: Barranquilla | fuente: Catálogo Construdata (Barranquilla) | fecha: 2026-08-08', 'Tuberia Cableado Electrico De 1/2 X 3 Metros Fabricado En Pvc De 1/2 X 3 Metros — mejor precio real: MANTENIMIENTO Y MONTAJES DE INGENIERIA SAS | unidad: und | precio: $4,000 COP | región: Bogotá, Distrito Capital De Bogotá | fuente: Catálogo IAD MIPYMES — Colombia Compra Eficiente (proveedor real con el mejor precio, de 78 proveedores mipyme nacionales) | variabilidad real de mercado: Comparado entre 62 proveedores mipyme reales de todo el país (rango $4,000–$155,759 COP sin IVA)', 'Box CCP14 con sección interna de 1 x 2 metros, profundidad desde 1,5 metros hasta 3 metros y longitud de 2 metro. Peso / unidad de 2m: 9,2 Toneladas. Incluye acero de refuerzo. | precio: $5,087,675 COP | región: Centro Oriente | fuente: INVIAS — precios de referencia regionalizados | fecha: 2026-08-08', 'Box CCP14 con sección interna de 1 x 1 metros, profundidad desde 1,5 metros hasta 3 metros y longitud de 2 metros. Peso / unidad de 2m: 4,5 Toneladas. Incluye acero de refuerzo. | precio: $2,252,316 COP | región: Centro Oriente | fuente: INVIAS — precios de referencia regionalizados | fecha: 2026-08-08', 'BAJANTE PVC BLANCO EXTERMO LISO | unidad: m | precio: $32,867 COP | región: Barranquilla | fuente: Catálogo Construdata (Barranquilla) | fecha: 2026-08-08 | desglose real: Material: BAJANTE PVC BLANCO EXTREMO LISO (3M) (0.33 un): $65,058 COP, CODO BAJANTE 45° BLANCO (0.6 un): $5,742 COP, HORA CUADRILLA BB - PRESTACIONES (0.1 hc): $20,470 COP, SOPORTE DE BAJANTE (0.33 un): $2,152 COP, TORNILLO PARA MADERA 1"" N°6 (2.0 un): $12 COP, UNIÓN CANAL AMAZONA BLANCO (0.33 un): $15,673 COP', 'AGUA lt 240.00 3,840 3,840 3,840 3,840 HERRAMIENTA MENOR | unidad: % | precio: $195 COP | región: Barranquilla | fuente: Catálogo Construdata (Barranquilla) | fecha: 2026-08-08', 'ADAPTADOR HEMBRA COBRE 1/2"" un 1.00 3,032 3,032 3,032 3,032 PASTA FUNDENTE (8 ONZAS) | unidad: un | precio: $8,400 COP | región: Barranquilla | fuente: Catálogo Construdata (Barranquilla) | fecha: 2026-08-08']","La bajante PVC blanco extremo liso de 3 metros cuesta $65,058 COP en Barranquilla. Esta información proviene del Catálogo Construdata, con fecha de captura del 2026-08-08.","La bajante PVC blanco extremo liso de 3 m cuesta $65.057,58 COP por unidad (Catálogo Construdata, Barranquilla).",1.0,0.9641786772956867,0.4166666666458333,1.0
Cual es el precio del metro de alambre telefonico 2x22 AWG trenzado?,"['Box CCP14 con sección interna de 1 x 1 metros, profundidad desde 1,5 metros hasta 3 metros y longitud de 2 metros. Peso / unidad de 2m: 4,5 Toneladas. Incluye acero de refuerzo. | precio: $2,252,316 COP | región: Centro Oriente | fuente: INVIAS — precios de referencia regionalizados | fecha: 2026-08-08', 'Box CCP14 con sección interna de 6 x 2 metros, profundidad desde 0,6 metros hasta 1,5 metros y longitud de 1 metro. Peso/un 22,8 Toneladas. Incluye acero de refuerzo. | precio: $22,837,130 COP | región: Centro Oriente | fuente: INVIAS — precios de referencia regionalizados | fecha: 2026-08-08', 'Box CCP14 con sección interna de 3 x 1 metros, profundidad desde 0,6 metros hasta 1,5 metros y longitud de 1 metro. Peso/un 7,3 Toneladas. Incluye acero de refuerzo. | precio: $7,194,507 COP | región: Centro Oriente | fuente: INVIAS — precios de referencia regionalizados | fecha: 2026-08-08', 'Box CCP14 con sección interna de 1 x 2 metros, profundidad desde 1,5 metros hasta 3 metros y longitud de 2 metro. Peso / unidad de 2m: 9,2 Toneladas. Incluye acero de refuerzo. | precio: $5,087,675 COP | región: Centro Oriente | fuente: INVIAS — precios de referencia regionalizados | fecha: 2026-08-08', 'Box CCP14 con sección interna de 4 x 1 metros, profundidad desde 0 metros hasta 0,6 metros y longitud de 1 metro. Peso/un 11,9 Toneladas. Incluye acero de refuerzo. | precio: $11,911,532 COP | región: Centro Oriente | fuente: INVIAS — precios de referencia regionalizados | fecha: 2026-08-08', 'Box CCP14 con sección interna de 5 x 4 metros, profundidad desde 0,6 metros hasta 1,5 metros y longitud de 1 metro. Peso/un 25,4 Toneladas. Incluye acero de refuerzo. | precio: $25,511,009 COP | región: Centro Oriente | fuente: INVIAS — precios de referencia regionalizados | fecha: 2026-08-08', 'ALAMBRE TELEF.JWTPVC 2X22AWG TRENZADO | unidad: m | precio: $615 COP | región: Barranquilla | fuente: Catálogo Construdata (Barranquilla) | fecha: 2026-08-08', 'Malla de alambre tejido | precio: $17,196 COP | región: Centro Oriente | fuente: INVIAS — precios de referencia regionalizados | fecha: 2026-08-08']",El precio del metro de alambre telefónico 2x22 AWG trenzado es de $615 COP. Esta información proviene del Catálogo Construdata (Barranquilla) y fue actualizada el 2026-08-08.,"El alambre telefónico JWTPVC 2x22 AWG trenzado cuesta $615 COP por metro (Catálogo Construdata, Barranquilla).",1.0,0.900054567819332,0.14285714284285714,1.0
Cuanto vale el metro cubico de arena de peña?,"['Box CCP14 con sección interna de 5 x 4 metros, profundidad desde 0,6 metros hasta 1,5 metros y longitud de 1 metro. Peso/un 25,4 Toneladas. Incluye acero de refuerzo. | precio: $25,511,009 COP | región: Centro Oriente | fuente: INVIAS — precios de referencia regionalizados | fecha: 2026-08-08', 'Box CCP14 con sección interna de 1 x 1 metros, profundidad desde 1,5 metros hasta 3 metros y longitud de 2 metros. Peso / unidad de 2m: 4,5 Toneladas. Incluye acero de refuerzo. | precio: $2,252,316 COP | región: Centro Oriente | fuente: INVIAS — precios de referencia regionalizados | fecha: 2026-08-08', 'Box CCP14 con sección interna de 3 x 1 metros, profundidad desde 0,6 metros hasta 1,5 metros y longitud de 1 metro. Peso/un 7,3 Toneladas. Incluye acero de refuerzo. | precio: $7,194,507 COP | región: Centro Oriente | fuente: INVIAS — precios de referencia regionalizados | fecha: 2026-08-08', 'Box CCP14 con sección interna de 4 x 1 metros, profundidad desde 0 metros hasta 0,6 metros y longitud de 1 metro. Peso/un 11,9 Toneladas. Incluye acero de refuerzo. | precio: $11,911,532 COP | región: Centro Oriente | fuente: INVIAS — precios de referencia regionalizados | fecha: 2026-08-08', 'Box CCP14 con sección interna de 1 x 2 metros, profundidad desde 1,5 metros hasta 3 metros y longitud de 2 metro. Peso / unidad de 2m: 9,2 Toneladas. Incluye acero de refuerzo. | precio: $5,087,675 COP | región: Centro Oriente | fuente: INVIAS — precios de referencia regionalizados | fecha: 2026-08-08', 'Box CCP14 con sección interna de 6 x 2 metros, profundidad desde 0,6 metros hasta 1,5 metros y longitud de 1 metro. Peso/un 22,8 Toneladas. Incluye acero de refuerzo. | precio: $22,837,130 COP | región: Centro Oriente | fuente: INVIAS — precios de referencia regionalizados | fecha: 2026-08-08', 'ARENA DE PEÑA | unidad: m³ | precio: $28,940 COP | región: Barranquilla | fuente: Catálogo Construdata (Barranquilla) | fecha: 2026-08-08', 'ARENA DE PEÑA | unidad: m³ | precio: $28,940 COP | región: Barranquilla | fuente: Catálogo Construdata (Barranquilla) | fecha: 2026-08-08']","El metro cúbico de arena de peña cuesta $28,940 COP. Esta información proviene del Catálogo Construdata en Barranquilla, con fecha del 2026-08-08.","La arena de peña cuesta $28.940 COP por m³ (Catálogo Construdata, Barranquilla).",1.0,0.9472034969787503,0.19642857141875,1.0
Que precio tiene la base de arena cemento 1:20?,"['BASE ARENA CEMENTO 1:20 | unidad: m³ | precio: $75,768 COP | región: Barranquilla | fuente: Catálogo Construdata (Barranquilla) | fecha: 2026-08-08', 'BASE ARENA CEMENTO 1:20 | unidad: m³ | precio: $53,388 COP | región: Barranquilla | fuente: Catálogo Construdata (Barranquilla) | fecha: 2026-08-08', 'BASE ARENA CEMENTO 1:20 | unidad: m³ | precio: $53,400 COP | región: Barranquilla | fuente: Catálogo Construdata (Barranquilla) | fecha: 2026-08-08', 'BASE ARENA CEMENTO 1:20 | unidad: m³ | precio: $53,380 COP | región: Barranquilla | fuente: Catálogo Construdata (Barranquilla) | fecha: 2026-08-08', 'Base de suelo cemento elaborado en sitio con resistencia a la compresión de 2,1 Mpa, con proporción de cemento del 6% | unidad: m3 | precio: $178,188 COP | región: Barranquilla | fuente: Contrato real ejecutado — redes de acueducto/alcantarillado (Atlántico) | fecha: 2026-08-08', 'En zona verde de 1,00 m x 1,00 m 1 m<=H<= 1,40 m. Multifamiliar | unidad: UND | precio: $764,446 COP | región: Barranquilla | fuente: Contrato real ejecutado — redes de acueducto/alcantarillado (Atlántico) | fecha: 2026-08-08', 'En zona dura de 1,00 m x 1,00 m; 1<= H<= 1,40 m. Multifamiliar | unidad: UND | precio: $775,916 COP | región: Barranquilla | fuente: Contrato real ejecutado — redes de acueducto/alcantarillado (Atlántico) | fecha: 2026-08-08', 'En zona dura de 1,00 m x 1,00 m; 1<= H<= 1,40 m. Multifamiliar | unidad: UND | precio: $869,592 COP | región: Barranquilla | fuente: Contrato real ejecutado — redes de acueducto/alcantarillado (Atlántico) | fecha: 2026-08-08']","El precio de la base de arena cemento 1:20 en Barranquilla varía entre $53,380 y $75,768 COP por m³. Los precios específicos son:

- $75,768 COP (Catálogo Construdata, 2026-08-08)
- $53,388 COP (Catálogo Construdata, 2026-08-08)
- $53,400 COP (Catálogo Construdata, 2026-08-08)
- $53,380 COP (Catálogo Construdata, 2026-08-08)

Así que puedes encontrar varias opciones en ese rango.","La base arena cemento 1:20 cuesta $53.400 COP por m³ (Catálogo Construdata, Barranquilla).",1.0,0.9526016946983669,0.6388888888675925,1.0
Cuanto cuesta un bloque de concreto de 10x20x40?,"['BLOQUE CONCRETO 10X20X40 | unidad: un | precio: $835 COP | región: Barranquilla | fuente: Catálogo Construdata (Barranquilla) | fecha: 2026-08-08', 'BLOQUE CONCRETO 20X20X40 | unidad: un | precio: $2,050 COP | región: Barranquilla | fuente: Catálogo Construdata (Barranquilla) | fecha: 2026-08-08', 'Mampostería en bloque vibrado de concreto relleno con concreto e = 0,12 m | unidad: m2 | precio: $132,081 COP | región: Barranquilla | fuente: Contrato real ejecutado — redes de acueducto/alcantarillado (Atlántico) | fecha: 2026-08-08', 'Mampostería en bloque vibrado de concreto relleno con concreto e = 0,20 m | unidad: m2 | precio: $195,343 COP | región: Barranquilla | fuente: Contrato real ejecutado — redes de acueducto/alcantarillado (Atlántico) | fecha: 2026-08-08', 'Mampostería en bloque vibrado de concreto relleno con concreto e = 0,15 m | unidad: m2 | precio: $183,695 COP | región: Barranquilla | fuente: Contrato real ejecutado — redes de acueducto/alcantarillado (Atlántico) | fecha: 2026-08-08', 'Mampostería en bloque vibrado de concreto abuzardado relleno con concreto e = 0,15 m | unidad: m2 | precio: $211,249 COP | región: Barranquilla | fuente: Contrato real ejecutado — redes de acueducto/alcantarillado (Atlántico) | fecha: 2026-08-08', 'Mampostería en bloque vibrado de concreto abuzardado relleno con concreto e = 0,20 m | unidad: m2 | precio: $224,644 COP | región: Barranquilla | fuente: Contrato real ejecutado — redes de acueducto/alcantarillado (Atlántico) | fecha: 2026-08-08', 'BLOQUE CONCRETO C22-85 | unidad: un | precio: $1,740 COP | región: Barranquilla | fuente: Catálogo Construdata (Barranquilla) | fecha: 2026-08-08']",El bloque de concreto 10x20x40 cuesta $835 COP por unidad. Esta información proviene del Catálogo Construdata (Barranquilla) y fue actualizada el 2026-08-08.,"El bloque de concreto 10x20x40 cuesta $834,97 COP por unidad (Catálogo Construdata, Barranquilla).",1.0,0.9905413957473881,0.8333333332916666,0.0
Cuanto cuesta la hora cuadrilla DD de mano de obra?,"['HORA CUADRILLA AA - PRESTACIONES hc 1.00 17,369 17,369 17,369 17,369 HORA CUADRILLA AA - PRESTACIONES | unidad: hc | precio: $17,369 COP | región: Barranquilla | fuente: Catálogo Construdata (Barranquilla) | fecha: 2026-08-08', 'HORA CUADRILLA BB - PRESTACIONES hc 0.30 6,141 6,141 6,141 6,141 HORA CUADRILLA BB - PRESTACIONES | unidad: hc | precio: $20,470 COP | región: Barranquilla | fuente: Catálogo Construdata (Barranquilla) | fecha: 2026-08-08', 'HORA CUADRILLA DD - PRESTACIONES | unidad: hc | precio: $26,612 COP | región: Barranquilla | fuente: Catálogo Construdata (Barranquilla) | fecha: 2026-08-08', 'HORA CUADRILLA DD - PRESTACIONES | unidad: hc | precio: $26,610 COP | región: Barranquilla | fuente: Catálogo Construdata (Barranquilla) | fecha: 2026-08-08', 'HORA CUADRILLA DD - PRESTACIONES | unidad: hc | precio: $26,612 COP | región: Barranquilla | fuente: Catálogo Construdata (Barranquilla) | fecha: 2026-08-08', 'HORA CUADRILLA DD - PRESTACIONES | unidad: hc | precio: $26,612 COP | región: Barranquilla | fuente: Catálogo Construdata (Barranquilla) | fecha: 2026-08-08', 'HORA CUADRILLA DD - PRESTACIONES | unidad: hc | precio: $26,611 COP | región: Barranquilla | fuente: Catálogo Construdata (Barranquilla) | fecha: 2026-08-08', 'HORA CUADRILLA DD - PRESTACIONES | unidad: hc | precio: $26,612 COP | región: Barranquilla | fuente: Catálogo Construdata (Barranquilla) | fecha: 2026-08-08']","La hora de la cuadrilla DD de mano de obra cuesta entre $26,610 y $26,612 COP, según el Catálogo Construdata de Barranquilla, con fecha de captura del 2026-08-08.","La hora cuadrilla DD de mano de obra cuesta $13.051,74 COP (Catálogo Construdata, Barranquilla).",1.0,0.9433220330149211,0.1249999999875,0.0
Cuanto cuesta un viaje de triturado de 3/4 pulgada a granel en Homecenter?,"['Triturado 3/4 pulgada a granel (viaje x 8 m3) — Homecenter Colombia | unidad: Viaje a granel x 8 m3 | precio: $791,900 COP | región: Barranquilla | fuente: Homecenter Colombia | fecha: 2026-08-08', 'Gravilla Tipo 3/4 Triturado De 3/4 X 1 M3 — mejor precio real: FERRETERIA LOS TUBOS S.A.S. | unidad: und | precio: $77,382 COP | región: Pereira, Risaralda | fuente: Catálogo IAD MIPYMES — Colombia Compra Eficiente (proveedor real con el mejor precio, de 78 proveedores mipyme nacionales) | variabilidad real de mercado: Comparado entre 62 proveedores mipyme reales de todo el país (rango $77,382–$1,092,800 COP sin IVA)', 'Gravilla Triturada De Planta — mejor precio real: QUINTERO & QUINTERO CONSTRUCCIONES S.A.S | unidad: m3 | precio: $90,000 COP | región: Nacional | fuente: Catálogo IAD MIPYMES — Colombia Compra Eficiente (proveedor real con el mejor precio, de 78 proveedores mipyme nacionales) | variabilidad real de mercado: Comparado entre 59 proveedores mipyme reales de todo el país (rango $90,000–$1,092,800 COP sin IVA)', 'Tornillo Aglomerado Unión De Estructuras De ¼*3/4 Caja Por 500 Gr — mejor precio real: CORPELEC S.A.S | unidad: und | precio: $6,000 COP | región: Palmira, Valle Del Cauca | fuente: Catálogo IAD MIPYMES — Colombia Compra Eficiente (proveedor real con el mejor precio, de 78 proveedores mipyme nacionales) | variabilidad real de mercado: Comparado entre 58 proveedores mipyme reales de todo el país (rango $6,000–$132,229 COP sin IVA)', 'Agregado grueso triturado (Puerto Colombia) | unidad: m3 | precio: $231,065 COP | región: Barranquilla | fuente: Contrato real ejecutado — redes de acueducto/alcantarillado (Atlántico) | fecha: 2026-08-08', 'Gravilla De 1/2"" Triturado — mejor precio real: LUIS ALVARO GOMEZ LOPEZ (FERREMATERIALES EL TRIUNFO) | unidad: m3 | precio: $80,000 COP | región: Nacional | fuente: Catálogo IAD MIPYMES — Colombia Compra Eficiente (proveedor real con el mejor precio, de 78 proveedores mipyme nacionales) | variabilidad real de mercado: Comparado entre 63 proveedores mipyme reales de todo el país (rango $80,000–$1,092,800 COP sin IVA)', 'Tubería de lámina corrugada de acero galvanizado según ASTM A 761. Calibre 7 y diámetro 5744 mm (Incluye pernos de unión Diám. 3/4"" X Long.1 3/4"" según ASTM A449 y tuercas) | precio: $16,116,384 COP | región: Centro Oriente | fuente: INVIAS — precios de referencia regionalizados | fecha: 2026-08-08', 'Enrasador o regla articulada de chequeo con rótula y extensiones suficientes para abarcar el ancho de pavimentación. La sección mínima de este elemento es de diez centímetros (10 cm) por cinco centímetros (5 cm) (4 pulgadas por 2 pulgadas), longitud o ancho mínimo de tres metros (3 m). | precio: $4,109 COP | región: Centro Oriente | fuente: INVIAS — precios de referencia regionalizados | fecha: 2026-08-08']","El precio de un viaje de triturado de 3/4 pulgada a granel en Homecenter es de $791,900 COP por 8 m³. Fuente: Homecenter Colombia, fecha: 2026-08-08.","El triturado de 3/4"" a granel (viaje x 8 m³) cuesta $791.900 COP en Homecenter Colombia, Barranquilla.",1.0,0.9006784881612678,0.9999999999,1.0
Cuanto vale un candado estandar de 30mm en Ferreteria Samir?,"['Candado Estándar 30mm — Ferretería Samir | unidad: Unidad | precio: $43,366 COP | región: Barranquilla | fuente: Ferretería Samir | fecha: 2026-08-08', 'Candados;Candado Anticizalla 90Mm - (Cajas De Serguridad En Acero Endurecido De 6Cm) — mejor precio real: MANTENIMIENTO Y MONTAJES DE INGENIERIA SAS | unidad: und | precio: $45,000 COP | región: Bogotá, Distrito Capital De Bogotá | fuente: Catálogo IAD MIPYMES — Colombia Compra Eficiente (proveedor real con el mejor precio, de 78 proveedores mipyme nacionales) | variabilidad real de mercado: Comparado entre 65 proveedores mipyme reales de todo el país (rango $45,000–$803,754 COP sin IVA)', 'Candados;Candado Blindado 60Mm - (En Acero Endurecido, Metálico De 6,0Cm Ancho Aprox) — mejor precio real: CLAUDIA PATRICIA MURILLO | unidad: und | precio: $15,618 COP | región: Nacional | fuente: Catálogo IAD MIPYMES — Colombia Compra Eficiente (proveedor real con el mejor precio, de 78 proveedores mipyme nacionales) | variabilidad real de mercado: Comparado entre 63 proveedores mipyme reales de todo el país (rango $15,618–$337,237 COP sin IVA)', 'Candado Italiano 30Mm — mejor precio real: ELMER SCHNEIDER CASA ANDINA SAS | unidad: und | precio: $9,869 COP | región: Pasto, Nariño | fuente: Catálogo IAD MIPYMES — Colombia Compra Eficiente (proveedor real con el mejor precio, de 78 proveedores mipyme nacionales) | variabilidad real de mercado: Comparado entre 71 proveedores mipyme reales de todo el país (rango $9,869–$196,903 COP sin IVA)', 'Candado #870 Candado De Alta Seguridad Acero Templado X 70 Mm. — mejor precio real: ELMER SCHNEIDER CASA ANDINA SAS | unidad: und | precio: $78,029 COP | región: Pasto, Nariño | fuente: Catálogo IAD MIPYMES — Colombia Compra Eficiente (proveedor real con el mejor precio, de 78 proveedores mipyme nacionales) | variabilidad real de mercado: Comparado entre 62 proveedores mipyme reales de todo el país (rango $78,029–$487,753 COP sin IVA)', 'Candado Hierro 50mm — Ferretería Samir | unidad: Unidad | precio: $29,544 COP | región: Barranquilla | fuente: Ferretería Samir | fecha: 2026-08-08', 'Candado Laminado Acero 30 Mm. — mejor precio real: MARINA DEL ROSARIO TOBAR TELLO (PROVECOL) | unidad: und | precio: $9,000 COP | región: Pasto, Nariño | fuente: Catálogo IAD MIPYMES — Colombia Compra Eficiente (proveedor real con el mejor precio, de 78 proveedores mipyme nacionales) | variabilidad real de mercado: Comparado entre 71 proveedores mipyme reales de todo el país (rango $9,000–$142,064 COP sin IVA)', 'Candado Anticizalla 90 Mm - (Cajas De Serguridad En Acero Endurecido De 6 Cm) — mejor precio real: LUIS ALVARO GOMEZ LOPEZ (FERREMATERIALES EL TRIUNFO) | unidad: und | precio: $45,000 COP | región: Nacional | fuente: Catálogo IAD MIPYMES — Colombia Compra Eficiente (proveedor real con el mejor precio, de 78 proveedores mipyme nacionales) | variabilidad real de mercado: Comparado entre 66 proveedores mipyme reales de todo el país (rango $45,000–$803,754 COP sin IVA)']","El candado estándar de 30mm en Ferretería Samir cuesta $43,366 COP por unidad. Esta información es de la fecha 2026-08-08.","El candado estándar de 30mm cuesta $43.366 COP en Ferretería Samir, Barranquilla.",1.0,0.9816414930049797,0.9999999999,1.0
Cual es el precio del cemento gris Ultracem Ecocem de 50kg en Homecenter?,"['Cemento Gris Ultracem Ecocem 50kg — Homecenter Colombia | unidad: Saco x 50 kg | precio: $44,900 COP | región: Barranquilla | fuente: Homecenter Colombia | fecha: 2026-08-08', 'Cemento Argos Gris 50kg — Homecenter Colombia | unidad: Saco x 50 kg | precio: $32,500 COP | región: Barranquilla | fuente: Homecenter Colombia | fecha: 2026-08-08', 'Cemento Gris 50Kl - (De Uso General Para Construcción) — mejor precio real: CLAUDIA PATRICIA MURILLO | unidad: und | precio: $20,472 COP | región: Nacional | fuente: Catálogo IAD MIPYMES — Colombia Compra Eficiente (proveedor real con el mejor precio, de 78 proveedores mipyme nacionales) | variabilidad real de mercado: Comparado entre 75 proveedores mipyme reales de todo el país (rango $20,472–$142,064 COP sin IVA)', 'Bulto Cemento Gris Prsentacion 25 Kg — mejor precio real: EDGAR CARPIO SOLANO (COMERCIAL PIOLIN VILLA DEL ROSARIO) | unidad: und | precio: $12,250 COP | región: Cúcuta, Norte De Santander | fuente: Catálogo IAD MIPYMES — Colombia Compra Eficiente (proveedor real con el mejor precio, de 78 proveedores mipyme nacionales) | variabilidad real de mercado: Comparado entre 71 proveedores mipyme reales de todo el país (rango $12,250–$70,813 COP sin IVA)', 'Cemento Gris 5Kl - (De Uso General Para Construcción) — mejor precio real: GRUPO TOTAL 2020 SAS | unidad: und | precio: $2,521 COP | región: Valledupar, Cesar | fuente: Catálogo IAD MIPYMES — Colombia Compra Eficiente (proveedor real con el mejor precio, de 78 proveedores mipyme nacionales) | variabilidad real de mercado: Comparado entre 64 proveedores mipyme reales de todo el país (rango $2,521–$234,473 COP sin IVA)', 'CEMENTO GRIS kg 210.00 115,500 90,300 76,860 95,760 HORA CUADRILLA AA - PRESTACIONES | unidad: hc | precio: $17,369 COP | región: Barranquilla | fuente: Catálogo Construdata (Barranquilla) | fecha: 2026-08-08', 'CEMENTO GRIS | unidad: kg | precio: $224 COP | región: Barranquilla | fuente: Catálogo Construdata (Barranquilla) | fecha: 2026-08-08', 'CEMENTO GRIS | unidad: kg | precio: $224 COP | región: Barranquilla | fuente: Catálogo Construdata (Barranquilla) | fecha: 2026-08-08']","El precio del cemento gris Ultracem Ecocem de 50 kg en Homecenter es de $44,900 COP. Esta información es de Barranquilla y fue capturada el 2026-08-08.","El cemento gris Ultracem Ecocem de 50kg cuesta $44.900 COP en Homecenter Colombia, Barranquilla.",1.0,0.9405463925768299,0.9999999999,1.0
Cuanto cuesta el saco de cemento Argos gris de 50kg en Homecenter?,"['Cemento Argos Gris 50kg — Homecenter Colombia | unidad: Saco x 50 kg | precio: $32,500 COP | región: Barranquilla | fuente: Homecenter Colombia | fecha: 2026-08-08', 'Cemento Gris x 50 Kilos Argos (Atlántico) — Ferretería Samir | unidad: Saco x 50 kg | precio: $30,597 COP | región: Barranquilla | fuente: Ferretería Samir | fecha: 2026-08-08', 'CONCRETADORA TROMPO 3 SACOS TOLVA d 0.13 13,923 13,923 13,923 13,923 CEMENTO GRIS | unidad: kg | precio: $366 COP | región: Barranquilla | fuente: Catálogo Construdata (Barranquilla) | fecha: 2026-08-08', 'Cemento Gris Ultracem Ecocem 50kg — Homecenter Colombia | unidad: Saco x 50 kg | precio: $44,900 COP | región: Barranquilla | fuente: Homecenter Colombia | fecha: 2026-08-08', 'Cubierta en teja de abesto cemento | unidad: m2 | precio: $50,053 COP | región: Barranquilla | fuente: Contrato real ejecutado — redes de acueducto/alcantarillado (Atlántico) | fecha: 2026-08-08', 'CEMENTO GRIS | unidad: kg | precio: $224 COP | región: Barranquilla | fuente: Catálogo Construdata (Barranquilla) | fecha: 2026-08-08', 'CEMENTO GRIS | unidad: kg | precio: $223 COP | región: Barranquilla | fuente: Catálogo Construdata (Barranquilla) | fecha: 2026-08-08', 'CEMENTO GRIS | unidad: kg | precio: $224 COP | región: Barranquilla | fuente: Catálogo Construdata (Barranquilla) | fecha: 2026-08-08']","El saco de cemento Argos gris de 50 kg en Homecenter cuesta $32,500 COP. Esta información es de la fuente Homecenter Colombia y fue actualizada el 2026-08-08.","El saco de cemento Argos gris de 50kg cuesta $32.500 COP en Homecenter Colombia, Barranquilla.",1.0,0.9952356371459716,0.9999999999,1.0
Que precio tiene el casco de seguridad Bunker blanco dielectrico?,"['Casco de Seguridad Bunker Blanco Dieléctrico — Homecenter Colombia | unidad: Unidad | precio: $31,900 COP | región: Barranquilla | fuente: Homecenter Colombia | fecha: 2026-08-08', 'Breaker Eléctrico De 50 Amp. Presentación: Unidad. — mejor precio real: ELMER SCHNEIDER CASA ANDINA SAS | unidad: und | precio: $4,579 COP | región: Pasto, Nariño | fuente: Catálogo IAD MIPYMES — Colombia Compra Eficiente (proveedor real con el mejor precio, de 78 proveedores mipyme nacionales) | variabilidad real de mercado: Comparado entre 70 proveedores mipyme reales de todo el país (rango $4,579–$947,084 COP sin IVA)', 'Botas de Seguridad (rango de catálogo) — Ferretería Samir | unidad: Par (varía por modelo) | región: Barranquilla | fuente: Ferretería Samir | fecha: 2026-08-08', 'Pintura Superlavable Uso Interior Tipo 1 Diluxion En Agua Color Blanco Blanco — mejor precio real: FERCONLOG S.A.S | unidad: Galon | precio: $16,730 COP | región: Bogotá, D. C. | fuente: Catálogo IAD MIPYMES — Colombia Compra Eficiente (proveedor real con el mejor precio, de 78 proveedores mipyme nacionales) | variabilidad real de mercado: Comparado entre 64 proveedores mipyme reales de todo el país (rango $16,730–$582,000 COP sin IVA)', 'Interruptor Doble Blanco - (En Pvc Y Plástico, De Dos Placas, Blanco) — mejor precio real: ELMER SCHNEIDER CASA ANDINA SAS | unidad: und | precio: $2,058 COP | región: Pasto, Nariño | fuente: Catálogo IAD MIPYMES — Colombia Compra Eficiente (proveedor real con el mejor precio, de 78 proveedores mipyme nacionales) | variabilidad real de mercado: Comparado entre 67 proveedores mipyme reales de todo el país (rango $2,058–$142,064 COP sin IVA)', 'Bombillo Led Tipo Vela Rosca E14 Luz Blanca, Color Blanco — mejor precio real: DANIEL TARAZONA (FERRETERIA FRANKFURT) | unidad: und | precio: $5,000 COP | región: Nacional | fuente: Catálogo IAD MIPYMES — Colombia Compra Eficiente (proveedor real con el mejor precio, de 78 proveedores mipyme nacionales) | variabilidad real de mercado: Comparado entre 63 proveedores mipyme reales de todo el país (rango $5,000–$76,000 COP sin IVA)', 'Alquiler  de plataforma para trabajos seguros en altura o espacios confinados, mediante andamios certificados Multidireccionales o similar, con baranda de seguridad autosoportada. Tiempo de alquiler según cronograma de actividades de obra. | unidad: mes | precio: $1,800,000 COP | región: Barranquilla | fuente: Contrato real ejecutado — planta de tratamiento de agua potable, optimización ETAP (Atlántico) | fecha: 2026-08-09', 'Teja Termoacustica Pvc Plus 5.9 X 1.13 Metros Espesor 2 Mm Blanco Interior Y Blanco Exterior — mejor precio real: MANTENIMIENTO Y MONTAJES DE INGENIERIA SAS | unidad: und | precio: $200,000 COP | región: Bogotá, Distrito Capital De Bogotá | fuente: Catálogo IAD MIPYMES — Colombia Compra Eficiente (proveedor real con el mejor precio, de 78 proveedores mipyme nacionales) | variabilidad real de mercado: Comparado entre 61 proveedores mipyme reales de todo el país (rango $200,000–$2,114,568 COP sin IVA)']","El precio del casco de seguridad Bunker Blanco Dieléctrico es de $31,900 COP por unidad. Esta información proviene de Homecenter Colombia y fue actualizada el 8 de agosto de 2026.","El casco de seguridad Bunker blanco dieléctrico cuesta $31.900 COP en Homecenter Colombia, Barranquilla.",1.0,0.9188455791136393,0.9999999999,1.0
Cual es el mejor precio nacional de un codo de 90 grados en acero galvanizado de 1 1/4 pulgada?,"['CODO 90°-1/2"" COBRE un 2.00 1,946 1,946 1,946 1,946 CODO 45°-1/2"" COBRE | unidad: un | precio: $1,600 COP | región: Barranquilla | fuente: Catálogo Construdata (Barranquilla) | fecha: 2026-08-08', ""Codo 90° Acero Galvanizado - 1 1/4'' — mejor precio real: ANGEL RAFAEL RINCON MARIÑO (FERRETERIA NICHOLSON) | unidad: und | precio: $5,000 COP | región: Bogotá, D. C. | fuente: Catálogo IAD MIPYMES — Colombia Compra Eficiente (proveedor real con el mejor precio, de 78 proveedores mipyme nacionales) | variabilidad real de mercado: Comparado entre 60 proveedores mipyme reales de todo el país (rango $5,000–$273,200 COP sin IVA)"", 'CODO 90°-1/2"" COBRE un 2.00 1,946 1,946 1,946 1,946 HORA CUADRILLA BB - PRESTACIONES | unidad: hc | precio: $20,472 COP | región: Barranquilla | fuente: Catálogo Construdata (Barranquilla) | fecha: 2026-08-08', 'CODO 90°-1/2"" COBRE un 2.00 1,946 1,946 1,946 1,946 HERRAMIENTA MENOR | unidad: % | precio: $419 COP | región: Barranquilla | fuente: Catálogo Construdata (Barranquilla) | fecha: 2026-08-08', 'HERRAMIENTA MENOR % 10.00 1,675 1,675 1,675 1,675 TORNILLO ACERO 1/4"" | unidad: un | precio: $23 COP | región: Barranquilla | fuente: Catálogo Construdata (Barranquilla) | fecha: 2026-08-08', 'HORA CUADRILLA AA - PRESTACIONES hc 0.10 1,737 1,737 1,737 1,737 DISTANCIADOR CP-30 CLIP PINZA 1/4"" | unidad: un | precio: $335 COP | región: Barranquilla | fuente: Catálogo Construdata (Barranquilla) | fecha: 2026-08-08', 'CODO 90°-1/2"" COBRE un 2.00 1,946 1,946 1,946 | precio: $3,941 COP | región: Barranquilla | fuente: Catálogo Construdata (Barranquilla) | fecha: 2026-08-08', 'BOQUILLA CONCOLOR JUNTA ANCHA 5KG kg 0.46 1,923 1,923 1,923 1,923 REPISA 8 X 4CM X 2.9M - ORDINARIO | unidad: un | precio: $11,459 COP | región: Barranquilla | fuente: Catálogo Construdata (Barranquilla) | fecha: 2026-08-08']","El mejor precio nacional para un codo de 90° en acero galvanizado de 1 1/4'' es de $5,000 COP, ofrecido por ANGEL RAFAEL RINCON MARIÑO (FERRETERIA NICHOLSON). Este dato proviene del Catálogo IAD MIPYMES — Colombia Compra Eficiente, donde se compararon 78 proveedores mipyme reales a nivel nacional. La variabilidad real de mercado para este ítem varía entre $5,000 y $273,200 COP sin IVA.","El mejor precio real es $5.000 COP con Angel Rafael Rincón Mariño (Ferretería Nicholson), comparado entre 60 proveedores mipyme reales (rango $5.000–$273.200 COP).",1.0,0.9102752408662791,0.49999999995,1.0
Cual es el mejor precio nacional de un adaptador PVC presion hembra de 2 1/2 pulgadas?,"['B A R R A TE R M IN AC I Ó N T PO-PERFIL (3M) m 0 . 0 8 2 , 0 2 2 2 , 0 2 2 2 , 0 2 | precio: $1 COP | región: Barranquilla | fuente: Catálogo Construdata (Barranquilla) | fecha: 2026-08-08', 'Adaptador Hembra Pvc 1/2 Este Adaptador A Presión De 1/2"" - En Presentación Por Unidades. — mejor precio real: EL NOGAL MATERIALES DE CONSTRUCCION S.A | unidad: und | precio: $333 COP | región: Nacional | fuente: Catálogo IAD MIPYMES — Colombia Compra Eficiente (proveedor real con el mejor precio, de 78 proveedores mipyme nacionales) | variabilidad real de mercado: Comparado entre 71 proveedores mipyme reales de todo el país (rango $333–$31,910 COP sin IVA)', 'ADAPTADOR MACHO COBRE 1/2"" un 1.00 2,100 2,100 2,100 2,100 PASTA FUNDENTE (8 ONZAS) | unidad: un | precio: $8,400 COP | región: Barranquilla | fuente: Catálogo Construdata (Barranquilla) | fecha: 2026-08-08', 'ADAPTADOR HEMBRA PRESIÓN PVC 1/2"" | unidad: un | precio: $378 COP | región: Barranquilla | fuente: Catálogo Construdata (Barranquilla) | fecha: 2026-08-08', 'Adaptador Hembra De 2"" Pvc Instalaciones Para El Transporte De Agua De Consumo A Presion. — mejor precio real: QUINTERO & QUINTERO CONSTRUCCIONES S.A.S | unidad: und | precio: $1,681 COP | región: Nacional | fuente: Catálogo IAD MIPYMES — Colombia Compra Eficiente (proveedor real con el mejor precio, de 78 proveedores mipyme nacionales) | variabilidad real de mercado: Comparado entre 70 proveedores mipyme reales de todo el país (rango $1,681–$145,233 COP sin IVA)', 'Accesorios De Material Plástico Para Tuberías; Adaptador Hembra Alta Presion En Pvc Diametro 1/2"" — mejor precio real: EL NOGAL MATERIALES DE CONSTRUCCION S.A | unidad: und | precio: $333 COP | región: Nacional | fuente: Catálogo IAD MIPYMES — Colombia Compra Eficiente (proveedor real con el mejor precio, de 78 proveedores mipyme nacionales) | variabilidad real de mercado: Comparado entre 68 proveedores mipyme reales de todo el país (rango $333–$50,569 COP sin IVA)', 'Adaptador Pvc Presión Hembra 2½"" — mejor precio real: LUIS ALVARO GOMEZ LOPEZ (FERREMATERIALES EL TRIUNFO) | unidad: und | precio: $6,500 COP | región: Nacional | fuente: Catálogo IAD MIPYMES — Colombia Compra Eficiente (proveedor real con el mejor precio, de 78 proveedores mipyme nacionales) | variabilidad real de mercado: Comparado entre 64 proveedores mipyme reales de todo el país (rango $6,500–$69,502 COP sin IVA)', 'Puntilla 2 1/2 Pul: Redonda Con Cabeza Plana Grafilada 2 1/2 Pulgada — mejor precio real: ELMER SCHNEIDER CASA ANDINA SAS | unidad: und | precio: $3,006 COP | región: Pasto, Nariño | fuente: Catálogo IAD MIPYMES — Colombia Compra Eficiente (proveedor real con el mejor precio, de 78 proveedores mipyme nacionales) | variabilidad real de mercado: Comparado entre 64 proveedores mipyme reales de todo el país (rango $3,006–$54,640 COP sin IVA)']","El mejor precio nacional para un adaptador PVC presión hembra de 2½"" es de $6,500 COP, ofrecido por LUIS ALVARO GOMEZ LOPEZ (FERREMATERIALES EL TRIUNFO). Este precio fue obtenido del Catálogo IAD MIPYMES — Colombia Compra Eficiente, comparado entre 78 proveedores mipyme nacionales. La variabilidad real de mercado para este ítem está entre $6,500 y $69,502 COP sin IVA.","El mejor precio real es $6.500 COP con Luis Álvaro Gómez López (Ferremateriales El Triunfo), comparado entre 64 proveedores mipyme reales (rango $6.500–$69.502,08 COP).",1.0,0.9836031482103582,0.14285714284285714,1.0
Cual es el mejor precio nacional de una brocha de pintura de pared de 3 pulgadas con cerda china negra?,"['Brocha De Pintura De Pared, De 3"", Cerda China Negra, Mango De Madera. — mejor precio real: MARTINEZ MUÑOZ INGENIERIA ZOMAC SAS | unidad: und | precio: $7,853 COP | región: Florencia, Caquetá | fuente: Catálogo IAD MIPYMES — Colombia Compra Eficiente (proveedor real con el mejor precio, de 78 proveedores mipyme nacionales) | variabilidad real de mercado: Comparado entre 62 proveedores mipyme reales de todo el país (rango $7,853–$106,002 COP sin IVA)', 'Brocha De Pintura De Pared, De 3 "", Cerda China Negra, Mango De Plástico — mejor precio real: INVERSIONES LA ROCA41 S.A.S (FERRETERIA LA ROCA DEL VALLE) | unidad: und | precio: $6,723 COP | región: Valledupar, Cesar | fuente: Catálogo IAD MIPYMES — Colombia Compra Eficiente (proveedor real con el mejor precio, de 78 proveedores mipyme nacionales) | variabilidad real de mercado: Comparado entre 64 proveedores mipyme reales de todo el país (rango $6,723–$70,158 COP sin IVA)', 'Brocha De Pintura De Pared De 3"" Con Cerda China Negra — mejor precio real: MARINA DEL ROSARIO TOBAR TELLO (PROVECOL) | unidad: und | precio: $6,000 COP | región: Pasto, Nariño | fuente: Catálogo IAD MIPYMES — Colombia Compra Eficiente (proveedor real con el mejor precio, de 78 proveedores mipyme nacionales) | variabilidad real de mercado: Comparado entre 64 proveedores mipyme reales de todo el país (rango $6,000–$121,301 COP sin IVA)', 'Brocha De Pintura De Pared, De 5"", Cerda China Negra, Mango De Madera. — mejor precio real: JEM SUPPLIES SAS | unidad: und | precio: $3,633 COP | región: Bogotá, Distrito Capital De Bogotá | fuente: Catálogo IAD MIPYMES — Colombia Compra Eficiente (proveedor real con el mejor precio, de 78 proveedores mipyme nacionales) | variabilidad real de mercado: Comparado entre 62 proveedores mipyme reales de todo el país (rango $3,633–$141,190 COP sin IVA)', 'Brocha De Pintura De Pared, De 4"", Cerda China Negra, Mango De Madera — mejor precio real: MARTINEZ MUÑOZ INGENIERIA ZOMAC SAS | unidad: und | precio: $9,019 COP | región: Florencia, Caquetá | fuente: Catálogo IAD MIPYMES — Colombia Compra Eficiente (proveedor real con el mejor precio, de 78 proveedores mipyme nacionales) | variabilidad real de mercado: Comparado entre 63 proveedores mipyme reales de todo el país (rango $9,019–$73,218 COP sin IVA)', 'Brocha De Pintura De Pared, De 2 "", Cerda China Negra, Mango De Plástico — mejor precio real: MANTENIMIENTO Y MONTAJES DE INGENIERIA SAS | unidad: und | precio: $3,500 COP | región: Bogotá, Distrito Capital De Bogotá | fuente: Catálogo IAD MIPYMES — Colombia Compra Eficiente (proveedor real con el mejor precio, de 78 proveedores mipyme nacionales) | variabilidad real de mercado: Comparado entre 66 proveedores mipyme reales de todo el país (rango $3,500–$60,104 COP sin IVA)', 'Brocha De Pintura De Pared, De 5 "", Cerda China Negra, Mango De Plástico — mejor precio real: ANGEL RAFAEL RINCON MARIÑO (FERRETERIA NICHOLSON) | unidad: und | precio: $11,549 COP | región: Bogotá, D. C. | fuente: Catálogo IAD MIPYMES — Colombia Compra Eficiente (proveedor real con el mejor precio, de 78 proveedores mipyme nacionales) | variabilidad real de mercado: Comparado entre 63 proveedores mipyme reales de todo el país (rango $11,549–$112,012 COP sin IVA)', 'Brocha Para Pintura De Pared, De 6"", Con Cerda China Negra, Con Mango De Madera — mejor precio real: INVERSIONES Y VALORES DEL CARIBE- INVALCA SAS | unidad: und | precio: $11,351 COP | región: Valledupar, Cesar | fuente: Catálogo IAD MIPYMES — Colombia Compra Eficiente (proveedor real con el mejor precio, de 78 proveedores mipyme nacionales) | variabilidad real de mercado: Comparado entre 60 proveedores mipyme reales de todo el país (rango $11,351–$153,648 COP sin IVA)']","El mejor precio nacional para una brocha de pintura de pared de 3 pulgadas con cerda china negra es de $6,000 COP, ofrecido por MARINA DEL ROSARIO TOBAR TELLO (PROVECOL) en Pasto, Nariño. Este precio proviene del Catálogo IAD MIPYMES — Colombia Compra Eficiente, comparado entre 64 proveedores mipyme reales de todo el país, con un rango de precios que va de $6,000 a $121,301 COP sin IVA.","El mejor precio real es $7.853 COP con Martínez Muñoz Ingeniería Zomac SAS (Florencia, Caquetá), comparado entre 62 proveedores mipyme reales.",,0.9948229815596009,0.9999999999,1.0
Cual es el mejor precio nacional de puntillas con cabeza de 2 1/2 pulgadas?,"['Puntilla 2 1/2 Pul: Redonda Con Cabeza Plana Grafilada 2 1/2 Pulgada — mejor precio real: ELMER SCHNEIDER CASA ANDINA SAS | unidad: und | precio: $3,006 COP | región: Pasto, Nariño | fuente: Catálogo IAD MIPYMES — Colombia Compra Eficiente (proveedor real con el mejor precio, de 78 proveedores mipyme nacionales) | variabilidad real de mercado: Comparado entre 64 proveedores mipyme reales de todo el país (rango $3,006–$54,640 COP sin IVA)', 'Puntilla 2 Pulgada Construida En Acero, Con Cabeza Grafilada 2 Pulgada, Caja Libra — mejor precio real: ELMER SCHNEIDER CASA ANDINA SAS | unidad: und | precio: $3,006 COP | región: Pasto, Nariño | fuente: Catálogo IAD MIPYMES — Colombia Compra Eficiente (proveedor real con el mejor precio, de 78 proveedores mipyme nacionales) | variabilidad real de mercado: Comparado entre 64 proveedores mipyme reales de todo el país (rango $3,006–$54,640 COP sin IVA)', 'Clavos Y Puntillas De Hierro O Acero; Puntilla Redonda Sin Cabeza 2 Pulgadas Calibre 14 X 500 G — mejor precio real: ELMER SCHNEIDER CASA ANDINA SAS | unidad: und | precio: $3,006 COP | región: Pasto, Nariño | fuente: Catálogo IAD MIPYMES — Colombia Compra Eficiente (proveedor real con el mejor precio, de 78 proveedores mipyme nacionales) | variabilidad real de mercado: Comparado entre 65 proveedores mipyme reales de todo el país (rango $3,006–$175,142 COP sin IVA)', 'Clavos Y Puntillas De Hierro O Acero; Puntilla En Acero Lisa De 2"" Con Cabeza Caja X Libra — mejor precio real: MARCO ANTONIO GUERRERO CHAVES (SUMINISTROS CONSTRUIR) | unidad: und | precio: $3,000 COP | región: Pasto, Nariño | fuente: Catálogo IAD MIPYMES — Colombia Compra Eficiente (proveedor real con el mejor precio, de 78 proveedores mipyme nacionales) | variabilidad real de mercado: Comparado entre 65 proveedores mipyme reales de todo el país (rango $3,000–$36,062 COP sin IVA)', 'Clavos Y Puntillas De Hierro O Acero; Puntilla Redonda Con Cabeza Plana De 2"" 500 Gms — mejor precio real: MARCO ANTONIO GUERRERO CHAVES (SUMINISTROS CONSTRUIR) | unidad: und | precio: $3,000 COP | región: Pasto, Nariño | fuente: Catálogo IAD MIPYMES — Colombia Compra Eficiente (proveedor real con el mejor precio, de 78 proveedores mipyme nacionales) | variabilidad real de mercado: Comparado entre 66 proveedores mipyme reales de todo el país (rango $3,000–$36,062 COP sin IVA)', 'Puntillas Con Cabeza De 2 1/2"" — mejor precio real: ELMER SCHNEIDER CASA ANDINA SAS | unidad: und | precio: $3,006 COP | región: Pasto, Nariño | fuente: Catálogo IAD MIPYMES — Colombia Compra Eficiente (proveedor real con el mejor precio, de 78 proveedores mipyme nacionales) | variabilidad real de mercado: Comparado entre 62 proveedores mipyme reales de todo el país (rango $3,006–$54,640 COP sin IVA)', 'Puntillas Con Cabeza De 1/2"" — mejor precio real: QUINTERO & QUINTERO CONSTRUCCIONES S.A.S | unidad: und | precio: $4,201 COP | región: Nacional | fuente: Catálogo IAD MIPYMES — Colombia Compra Eficiente (proveedor real con el mejor precio, de 78 proveedores mipyme nacionales) | variabilidad real de mercado: Comparado entre 60 proveedores mipyme reales de todo el país (rango $4,201–$54,640 COP sin IVA)', 'Puntilla Con Cabeza 2 Pulgadas En Hierro Caja Por 500 Gr — mejor precio real: ELMER SCHNEIDER CASA ANDINA SAS | unidad: und | precio: $3,006 COP | región: Pasto, Nariño | fuente: Catálogo IAD MIPYMES — Colombia Compra Eficiente (proveedor real con el mejor precio, de 78 proveedores mipyme nacionales) | variabilidad real de mercado: Comparado entre 65 proveedores mipyme reales de todo el país (rango $3,006–$54,640 COP sin IVA)']","El mejor precio nacional de puntillas con cabeza de 2 1/2 pulgadas es $3,006 COP, ofrecido por ELMER SCHNEIDER CASA ANDINA SAS. Este precio proviene del Catálogo IAD MIPYMES — Colombia Compra Eficiente, comparado entre 62 proveedores mipyme reales de todo el país. La variabilidad real de mercado para este ítem está entre $3,006 y $54,640 COP sin IVA.","El mejor precio real es $3.006,33 COP con Elmer Schneider Casa Andina SAS (Pasto, Nariño), comparado entre 62 proveedores mipyme reales.",1.0,0.99480990637961,0.8583333333161667,1.0
Cual es el mejor precio nacional de vinilo blanco exterior color institucional en cuñete de 5 galones?,"['Vinilo Color Blanco Exterior Color Institucional Cuñete De 5 Galones — mejor precio real: ANGEL RAFAEL RINCON MARIÑO (FERRETERIA NICHOLSON) | unidad: und | precio: $180,811 COP | región: Bogotá, D. C. | fuente: Catálogo IAD MIPYMES — Colombia Compra Eficiente (proveedor real con el mejor precio, de 78 proveedores mipyme nacionales) | variabilidad real de mercado: Comparado entre 65 proveedores mipyme reales de todo el país (rango $180,811–$1,646,959 COP sin IVA)', 'Vinilo Color Blanco Interior Color Institucional Cuñete De 5 Galones — mejor precio real: SUMINISTROS E INGENIERIA MASECA SAS | unidad: und | precio: $194,399 COP | región: Bogotá, D. C. | fuente: Catálogo IAD MIPYMES — Colombia Compra Eficiente (proveedor real con el mejor precio, de 78 proveedores mipyme nacionales) | variabilidad real de mercado: Comparado entre 64 proveedores mipyme reales de todo el país (rango $194,399–$1,337,587 COP sin IVA)', 'Pintura Vinilo Tipo 1, Color Blanco Hueso Para Exteriores Cuñete X 5 Galones — mejor precio real: FERCONLOG S.A.S | unidad: und | precio: $238,173 COP | región: Bogotá, D. C. | fuente: Catálogo IAD MIPYMES — Colombia Compra Eficiente (proveedor real con el mejor precio, de 78 proveedores mipyme nacionales) | variabilidad real de mercado: Comparado entre 67 proveedores mipyme reales de todo el país (rango $238,173–$2,102,329 COP sin IVA)', 'Pintura Vinilo Tipo 1, Color Blanco, Cuñete X 5 Galones — mejor precio real: ELMER SCHNEIDER CASA ANDINA SAS | unidad: und | precio: $235,210 COP | región: Pasto, Nariño | fuente: Catálogo IAD MIPYMES — Colombia Compra Eficiente (proveedor real con el mejor precio, de 78 proveedores mipyme nacionales) | variabilidad real de mercado: Comparado entre 67 proveedores mipyme reales de todo el país (rango $235,210–$1,453,205 COP sin IVA)', 'Pintura Vinilo Tipo 1, Color Blanco Para Interiores Cuñete X 5 Galones — mejor precio real: GRUPO TOTAL 2020 SAS | unidad: und | precio: $179,748 COP | región: Valledupar, Cesar | fuente: Catálogo IAD MIPYMES — Colombia Compra Eficiente (proveedor real con el mejor precio, de 78 proveedores mipyme nacionales) | variabilidad real de mercado: Comparado entre 68 proveedores mipyme reales de todo el país (rango $179,748–$1,453,205 COP sin IVA)', 'Cuñete Pintura Diluible Con Agua Tipo 2 Buen Cubrimiento Cuñete Color Blanco X 5 Galones — mejor precio real: MANTENIMIENTO Y MONTAJES DE INGENIERIA SAS | unidad: und | precio: $147,900 COP | región: Bogotá, Distrito Capital De Bogotá | fuente: Catálogo IAD MIPYMES — Colombia Compra Eficiente (proveedor real con el mejor precio, de 78 proveedores mipyme nacionales) | variabilidad real de mercado: Comparado entre 68 proveedores mipyme reales de todo el país (rango $147,900–$1,857,760 COP sin IVA)', 'Pintura Vinilo Tipo 1, Color Verde Cipres Para Exteriores Cuñete X 5 Galones — mejor precio real: FERCONLOG S.A.S | unidad: und | precio: $238,173 COP | región: Bogotá, D. C. | fuente: Catálogo IAD MIPYMES — Colombia Compra Eficiente (proveedor real con el mejor precio, de 78 proveedores mipyme nacionales) | variabilidad real de mercado: Comparado entre 67 proveedores mipyme reales de todo el país (rango $238,173–$2,102,329 COP sin IVA)', 'Pintura Vinilo Tipo 1, Color Blanco Almendra Cuñete X 5 Galones — mejor precio real: GRUPO EMPRESARIAL LCS SAS | unidad: und | precio: $220,000 COP | región: Bogotá, D. C. | fuente: Catálogo IAD MIPYMES — Colombia Compra Eficiente (proveedor real con el mejor precio, de 78 proveedores mipyme nacionales) | variabilidad real de mercado: Comparado entre 68 proveedores mipyme reales de todo el país (rango $220,000–$1,453,205 COP sin IVA)']","El mejor precio nacional para el vinilo color blanco exterior color institucional en cuñete de 5 galones es de $180,811 COP. Este precio es ofrecido por ANGEL RAFAEL RINCON MARIÑO (FERRETERIA NICHOLSON) en Bogotá, D. C. según el Catálogo IAD MIPYMES — Colombia Compra Eficiente. La variabilidad real de mercado para este producto, comparado entre 65 proveedores mipyme reales de todo el país, está en un rango de $180,811 a $1,646,959 COP sin IVA.","El mejor precio real es $180.811 COP con Angel Rafael Rincón Mariño (Ferretería Nicholson), comparado entre 65 proveedores mipyme reales.",1.0,0.957155586033812,0.9999999999,1.0
Cual es el mejor precio nacional de pintura verde oliva en cuñete de 5 galones?,"['Pintura Verde Oliva Cuñete De 5 Galones — mejor precio real: FERCONLOG S.A.S | unidad: und | precio: $238,173 COP | región: Bogotá, D. C. | fuente: Catálogo IAD MIPYMES — Colombia Compra Eficiente (proveedor real con el mejor precio, de 78 proveedores mipyme nacionales) | variabilidad real de mercado: Comparado entre 64 proveedores mipyme reales de todo el país (rango $238,173–$2,574,418 COP sin IVA)', 'Pintura En Aceite Verde Esmeralda Cuñete De 5 Galones — mejor precio real: INDUPROYECTOS DEL ORIENTE S.A.S | unidad: Galon | precio: $69,920 COP | región: Bogotá, D. C. | fuente: Catálogo IAD MIPYMES — Colombia Compra Eficiente (proveedor real con el mejor precio, de 78 proveedores mipyme nacionales) | variabilidad real de mercado: Comparado entre 64 proveedores mipyme reales de todo el país (rango $69,920–$3,135,025 COP sin IVA)', 'Pintura Vinilo Tipo 1, Color Verde Cipres Para Exteriores Cuñete X 5 Galones — mejor precio real: FERCONLOG S.A.S | unidad: und | precio: $238,173 COP | región: Bogotá, D. C. | fuente: Catálogo IAD MIPYMES — Colombia Compra Eficiente (proveedor real con el mejor precio, de 78 proveedores mipyme nacionales) | variabilidad real de mercado: Comparado entre 67 proveedores mipyme reales de todo el país (rango $238,173–$2,102,329 COP sin IVA)', 'Pintura Vinilo Tipo 1, Color Verde Suace Para Exteriores Cuñete X 5 Galones — mejor precio real: FERCONLOG S.A.S | unidad: und | precio: $238,173 COP | región: Bogotá, D. C. | fuente: Catálogo IAD MIPYMES — Colombia Compra Eficiente (proveedor real con el mejor precio, de 78 proveedores mipyme nacionales) | variabilidad real de mercado: Comparado entre 67 proveedores mipyme reales de todo el país (rango $238,173–$2,102,329 COP sin IVA)', 'Cuñete Pintura Diluible Con Agua Tipo 2 Buen Cubrimiento Cuñete Color Blanco X 5 Galones — mejor precio real: MANTENIMIENTO Y MONTAJES DE INGENIERIA SAS | unidad: und | precio: $147,900 COP | región: Bogotá, Distrito Capital De Bogotá | fuente: Catálogo IAD MIPYMES — Colombia Compra Eficiente (proveedor real con el mejor precio, de 78 proveedores mipyme nacionales) | variabilidad real de mercado: Comparado entre 68 proveedores mipyme reales de todo el país (rango $147,900–$1,857,760 COP sin IVA)', 'Pintura En Aceite Negro Cuñete De 5 Galones — mejor precio real: INDUPROYECTOS DEL ORIENTE S.A.S | unidad: Galon | precio: $69,920 COP | región: Bogotá, D. C. | fuente: Catálogo IAD MIPYMES — Colombia Compra Eficiente (proveedor real con el mejor precio, de 78 proveedores mipyme nacionales) | variabilidad real de mercado: Comparado entre 65 proveedores mipyme reales de todo el país (rango $69,920–$3,135,025 COP sin IVA)', 'Cuñete Pintura En Aceite De Color Blanco Para Trafico Pesado, Con Acabado Mate, X 5 Galon — mejor precio real: LUIS ALVARO GOMEZ LOPEZ (FERREMATERIALES EL TRIUNFO) | unidad: und | precio: $290,000 COP | región: Nacional | fuente: Catálogo IAD MIPYMES — Colombia Compra Eficiente (proveedor real con el mejor precio, de 78 proveedores mipyme nacionales) | variabilidad real de mercado: Comparado entre 67 proveedores mipyme reales de todo el país (rango $290,000–$1,967,040 COP sin IVA)', 'Cuñete Pintura Reflectiva Tipo Trafico Blanco 5 Galones — mejor precio real: MANTENIMIENTO Y MONTAJES DE INGENIERIA SAS | unidad: und | precio: $118,000 COP | región: Bogotá, Distrito Capital De Bogotá | fuente: Catálogo IAD MIPYMES — Colombia Compra Eficiente (proveedor real con el mejor precio, de 78 proveedores mipyme nacionales) | variabilidad real de mercado: Comparado entre 69 proveedores mipyme reales de todo el país (rango $118,000–$2,950,560 COP sin IVA)']","El mejor precio nacional para pintura verde oliva en cuñete de 5 galones es de $238,173 COP, ofrecido por FERCONLOG S.A.S. Este dato proviene del Catálogo IAD MIPYMES — Colombia Compra Eficiente, donde se compararon 64 proveedores mipyme reales de todo el país. La variabilidad real de mercado para este producto va de $238,173 a $2,574,418 COP sin IVA.","El mejor precio real es $238.173,10 COP con Ferconlog S.A.S., comparado entre 64 proveedores mipyme reales.",1.0,0.9952355829537133,0.8055555555287036,1.0
Cual es el mejor precio nacional de tubo sanitario en PVC de 3 pulgadas por 6 metros?,"['Box CCP14 con sección interna de 3 x 1 metros, profundidad desde 0,6 metros hasta 1,5 metros y longitud de 1 metro. Peso/un 7,3 Toneladas. Incluye acero de refuerzo. | precio: $7,194,507 COP | región: Centro Oriente | fuente: INVIAS — precios de referencia regionalizados | fecha: 2026-08-08', 'Box CCP14 con sección interna de 6 x 2 metros, profundidad desde 0,6 metros hasta 1,5 metros y longitud de 1 metro. Peso/un 22,8 Toneladas. Incluye acero de refuerzo. | precio: $22,837,130 COP | región: Centro Oriente | fuente: INVIAS — precios de referencia regionalizados | fecha: 2026-08-08', 'Tuberías De Polivinilo; Tubo Sanitario En Pvc 6"" X 3M - (Accesorios Para Sanitario) — mejor precio real: MANTENIMIENTO Y MONTAJES DE INGENIERIA SAS | unidad: und | precio: $97,000 COP | región: Bogotá, Distrito Capital De Bogotá | fuente: Catálogo IAD MIPYMES — Colombia Compra Eficiente (proveedor real con el mejor precio, de 78 proveedores mipyme nacionales) | variabilidad real de mercado: Comparado entre 57 proveedores mipyme reales de todo el país (rango $97,000–$1,058,730 COP sin IVA)', 'Tubo Sanitario En Pvc De 3” X 6 Metros — mejor precio real: GRUPO EMPRESARIAL LCS SAS | unidad: und | precio: $39,282 COP | región: Bogotá, D. C. | fuente: Catálogo IAD MIPYMES — Colombia Compra Eficiente (proveedor real con el mejor precio, de 78 proveedores mipyme nacionales) | variabilidad real de mercado: Comparado entre 56 proveedores mipyme reales de todo el país (rango $39,282–$546,400 COP sin IVA)', 'Tubos Electricos Pvc 2"" Un Tubo Conduit De 2 "" Elaborado En Pvc. - En Presentación Por 6 Metros. — mejor precio real: LUIS ALVARO GOMEZ LOPEZ (FERREMATERIALES EL TRIUNFO) | unidad: und | precio: $17,000 COP | región: Nacional | fuente: Catálogo IAD MIPYMES — Colombia Compra Eficiente (proveedor real con el mejor precio, de 78 proveedores mipyme nacionales) | variabilidad real de mercado: Comparado entre 60 proveedores mipyme reales de todo el país (rango $17,000–$273,200 COP sin IVA)', 'Tubos Electricos Pvc 3/4 Un Tubo Conduit De 3/4"" Elaborado En Pvc - En Presentación Por 6 Metros. — mejor precio real: LUIS ALVARO GOMEZ LOPEZ (FERREMATERIALES EL TRIUNFO) | unidad: und | precio: $7,700 COP | región: Nacional | fuente: Catálogo IAD MIPYMES — Colombia Compra Eficiente (proveedor real con el mejor precio, de 78 proveedores mipyme nacionales) | variabilidad real de mercado: Comparado entre 60 proveedores mipyme reales de todo el país (rango $7,700–$302,344 COP sin IVA)', 'Box CCP14 con sección interna de 4 x 1 metros, profundidad desde 0 metros hasta 0,6 metros y longitud de 1 metro. Peso/un 11,9 Toneladas. Incluye acero de refuerzo. | precio: $11,911,532 COP | región: Centro Oriente | fuente: INVIAS — precios de referencia regionalizados | fecha: 2026-08-08', 'Box CCP14 con sección interna de 5 x 4 metros, profundidad desde 0,6 metros hasta 1,5 metros y longitud de 1 metro. Peso/un 25,4 Toneladas. Incluye acero de refuerzo. | precio: $25,511,009 COP | región: Centro Oriente | fuente: INVIAS — precios de referencia regionalizados | fecha: 2026-08-08']","El mejor precio nacional para el tubo sanitario en PVC de 3” x 6 metros es de $39,282 COP, ofrecido por el proveedor GRUPO EMPRESARIAL LCS SAS. Este precio proviene del Catálogo IAD MIPYMES — Colombia Compra Eficiente, comparado entre 56 proveedores mipyme reales de todo el país, con un rango de precios que va de $39,282 a $546,400 COP sin IVA.","El mejor precio real es $39.281,60 COP con Grupo Empresarial LCS SAS, comparado entre 56 proveedores mipyme reales.",1.0,0.9870950800320375,0.249999999975,1.0
Cual es el mejor precio nacional de un bombillo ahorrador de 65W espiral luz fria?,"['Bombillo Ahorrador X Unidad 65W Forma De Bombillo Espiral Luz Fria — mejor precio real: EDGAR CARPIO SOLANO (COMERCIAL PIOLIN VILLA DEL ROSARIO) | unidad: und | precio: $22,500 COP | región: Cúcuta, Norte De Santander | fuente: Catálogo IAD MIPYMES — Colombia Compra Eficiente (proveedor real con el mejor precio, de 78 proveedores mipyme nacionales) | variabilidad real de mercado: Comparado entre 63 proveedores mipyme reales de todo el país (rango $22,500–$229,488 COP sin IVA)', 'Bombillo Ahorrador Espiral 65W — mejor precio real: EDGAR CARPIO SOLANO (COMERCIAL PIOLIN VILLA DEL ROSARIO) | unidad: und | precio: $22,500 COP | región: Cúcuta, Norte De Santander | fuente: Catálogo IAD MIPYMES — Colombia Compra Eficiente (proveedor real con el mejor precio, de 78 proveedores mipyme nacionales) | variabilidad real de mercado: Comparado entre 64 proveedores mipyme reales de todo el país (rango $22,500–$229,488 COP sin IVA)', 'Bombillo Ahorrador Espiral Media De 20 W Luz Blanca Vida Util 8000 Horas aproximadamente. — mejor precio real: IMPERDISTRIBUCIONES L&N SAS | unidad: und | precio: $10,744 COP | región: Bogotá, D. C. | fuente: Catálogo IAD MIPYMES — Colombia Compra Eficiente (proveedor real con el mejor precio, de 78 proveedores mipyme nacionales) | variabilidad real de mercado: Comparado entre 63 proveedores mipyme reales de todo el país (rango $10,744–$118,022 COP sin IVA)', 'Bombillo Ahorrador Espiral Media De 45 W Luz Blanca Vida Util 8000 Horas aproximadamente — mejor precio real: EDGAR CARPIO SOLANO (COMERCIAL PIOLIN VILLA DEL ROSARIO) | unidad: und | precio: $16,500 COP | región: Cúcuta, Norte De Santander | fuente: Catálogo IAD MIPYMES — Colombia Compra Eficiente (proveedor real con el mejor precio, de 78 proveedores mipyme nacionales) | variabilidad real de mercado: Comparado entre 63 proveedores mipyme reales de todo el país (rango $16,500–$195,283 COP sin IVA)', 'Iluminarias Led Bombillo Ahorrador Espiral 65W - (Color Blanca, 110 - 120V) — mejor precio real: EDGAR CARPIO SOLANO (COMERCIAL PIOLIN VILLA DEL ROSARIO) | unidad: und | precio: $22,500 COP | región: Cúcuta, Norte De Santander | fuente: Catálogo IAD MIPYMES — Colombia Compra Eficiente (proveedor real con el mejor precio, de 78 proveedores mipyme nacionales) | variabilidad real de mercado: Comparado entre 63 proveedores mipyme reales de todo el país (rango $22,500–$467,695 COP sin IVA)', 'Bombillo Ahorrador Espiral 30W — mejor precio real: EDGAR CARPIO SOLANO (COMERCIAL PIOLIN VILLA DEL ROSARIO) | unidad: und | precio: $14,500 COP | región: Cúcuta, Norte De Santander | fuente: Catálogo IAD MIPYMES — Colombia Compra Eficiente (proveedor real con el mejor precio, de 78 proveedores mipyme nacionales) | variabilidad real de mercado: Comparado entre 62 proveedores mipyme reales de todo el país (rango $14,500–$138,786 COP sin IVA)', 'Bombillo De Led 20W E27 1700 Lúmenes Luz Fría — mejor precio real: ELMER SCHNEIDER CASA ANDINA SAS | unidad: und | precio: $3,102 COP | región: Pasto, Nariño | fuente: Catálogo IAD MIPYMES — Colombia Compra Eficiente (proveedor real con el mejor precio, de 78 proveedores mipyme nacionales) | variabilidad real de mercado: Comparado entre 66 proveedores mipyme reales de todo el país (rango $3,102–$118,022 COP sin IVA)', 'Bombillo Led 20W Espiral 120V Luz Dia — mejor precio real: ANGEL RAFAEL RINCON MARIÑO (FERRETERIA NICHOLSON) | unidad: und | precio: $6,114 COP | región: Bogotá, D. C. | fuente: Catálogo IAD MIPYMES — Colombia Compra Eficiente (proveedor real con el mejor precio, de 78 proveedores mipyme nacionales) | variabilidad real de mercado: Comparado entre 63 proveedores mipyme reales de todo el país (rango $6,114–$76,940 COP sin IVA)']","El mejor precio nacional para un bombillo ahorrador de 65W espiral luz fría es de $22,500 COP, ofrecido por EDGAR CARPIO SOLANO (COMERCIAL PIOLIN VILLA DEL ROSARIO) en Cúcuta, Norte de Santander. Este dato proviene del Catálogo IAD MIPYMES — Colombia Compra Eficiente. 

La variabilidad real de mercado para este producto, comparado entre 63 proveedores mipyme reales de todo el país, está en un rango de $22,500 a $229,488 COP sin IVA.","El mejor precio real es $22.500 COP con Edgar Carpio Solano (Comercial Piolín Villa del Rosario, Cúcuta, Norte de Santander), comparado entre 63 proveedores mipyme reales.",1.0,0.9643199822244227,0.8666666666377778,1.0
Cual es el mejor precio nacional de una brocha de 4 pulgadas con cerdas naturales chinas blancas?,"['Brocha 4"" Cerdas Naturales Chinas Blancas — mejor precio real: ELMER SCHNEIDER CASA ANDINA SAS | unidad: und | precio: $6,312 COP | región: Pasto, Nariño | fuente: Catálogo IAD MIPYMES — Colombia Compra Eficiente (proveedor real con el mejor precio, de 78 proveedores mipyme nacionales) | variabilidad real de mercado: Comparado entre 70 proveedores mipyme reales de todo el país (rango $6,312–$74,529 COP sin IVA)', 'Brocha 3"" Cerdas Naturales Chinas Blancas — mejor precio real: GRUPO TOTAL 2020 SAS | unidad: und | precio: $4,790 COP | región: Valledupar, Cesar | fuente: Catálogo IAD MIPYMES — Colombia Compra Eficiente (proveedor real con el mejor precio, de 78 proveedores mipyme nacionales) | variabilidad real de mercado: Comparado entre 70 proveedores mipyme reales de todo el país (rango $4,790–$62,071 COP sin IVA)', 'Brocha 5"" Cerdas Naturales Chinas Blancas — mejor precio real: ELMER SCHNEIDER CASA ANDINA SAS | unidad: und | precio: $8,826 COP | región: Pasto, Nariño | fuente: Catálogo IAD MIPYMES — Colombia Compra Eficiente (proveedor real con el mejor precio, de 78 proveedores mipyme nacionales) | variabilidad real de mercado: Comparado entre 68 proveedores mipyme reales de todo el país (rango $8,826–$99,554 COP sin IVA)', 'SELLANTE ADHESIVO TEXSAELASTIK un 0.08 4,565 4,565 4,565 4,565 SELLANTE PARA BORDES RECORTADOS | unidad: un | precio: $161,200 COP | región: Barranquilla | fuente: Catálogo Construdata (Barranquilla) | fecha: 2026-08-08', 'TELA ASFÁLTICA N°15 (40M2) un 0.07 4,367 4,367 4,367 4,367 SELLANTE PARA BORDES RECORTADOS | unidad: un | precio: $161,200 COP | región: Barranquilla | fuente: Catálogo Construdata (Barranquilla) | fecha: 2026-08-08', 'HERRAMIENTA MENOR % 10.00 4,187 4,187 4,187 4,187 HERRAMIENTA MENOR | unidad: % | precio: $2,842 COP | región: Barranquilla | fuente: Catálogo Construdata (Barranquilla) | fecha: 2026-08-08', 'TELA ASFÁLTICA N°15 (40M2) un 0.08 4,991 4,991 4,991 4,991 ANCLAJES PARA BARRA-MEMBRANA | unidad: un | precio: $2,298 COP | región: Barranquilla | fuente: Catálogo Construdata (Barranquilla) | fecha: 2026-08-08', 'Brocha Cerda China Profesional De 4"" Mango De Madera 1 Cm Grosor Por 3 Cm De Espesor — mejor precio real: GRUPO TOTAL 2020 SAS | unidad: und | precio: $2,857 COP | región: Valledupar, Cesar | fuente: Catálogo IAD MIPYMES — Colombia Compra Eficiente (proveedor real con el mejor precio, de 78 proveedores mipyme nacionales) | variabilidad real de mercado: Comparado entre 65 proveedores mipyme reales de todo el país (rango $2,857–$78,682 COP sin IVA)']","El mejor precio nacional para una brocha de 4"" con cerdas naturales chinas blancas es de $6,312 COP, ofrecido por ELMER SCHNEIDER CASA ANDINA SAS. Este precio proviene del Catálogo IAD MIPYMES — Colombia Compra Eficiente, comparado entre 70 proveedores mipyme reales de todo el país, con un rango de precios que varía entre $6,312 y $74,529 COP sin IVA.","El mejor precio real es $6.312 COP con Elmer Schneider Casa Andina SAS (Pasto, Nariño), comparado entre 70 proveedores mipyme reales.",1.0,0.992483577245328,0.9999999999,1.0
Cual es el mejor precio nacional de un niple en tubo de acero galvanizado a presion de 4 pulgadas por 18cm?,"['Niple En Tubo Acero Galvanizado Presion 4"" - Calibre 40 Astm A53 - Tipo Colmena O Equivalente. 18Cm — mejor precio real: VALENTUS S.A.S | unidad: und | precio: $45,934 COP | región: Bucaramanga, Santander | fuente: Catálogo IAD MIPYMES — Colombia Compra Eficiente (proveedor real con el mejor precio, de 78 proveedores mipyme nacionales) | variabilidad real de mercado: Comparado entre 56 proveedores mipyme reales de todo el país (rango $45,934–$1,223,936 COP sin IVA)', 'Tubo tremie. Diámetro 0.20m. Longitud 20 m (Incluye tolva de alimentación, tuberías de acero, acoples machihembrados, cabezal para izaje de tubería, cabezal para enjuague de tubería, plataforma de apoyo y tapón) | precio: $387,895 COP | región: Centro Oriente | fuente: INVIAS — precios de referencia regionalizados | fecha: 2026-08-08', 'Tubo Acero Galvanizado Presion 4"" - Calibre 40 Astm A53 - — mejor precio real: EDGAR CARPIO SOLANO (COMERCIAL PIOLIN VILLA DEL ROSARIO) | unidad: m | precio: $123,000 COP | región: Cúcuta, Norte De Santander | fuente: Catálogo IAD MIPYMES — Colombia Compra Eficiente (proveedor real con el mejor precio, de 78 proveedores mipyme nacionales) | variabilidad real de mercado: Comparado entre 58 proveedores mipyme reales de todo el país (rango $123,000–$3,268,456 COP sin IVA)', 'Tee Acero Galvanizado Presion 4"" - Calibre 40 Astm A53 - Tipo Colmena O .. 18Cm — mejor precio real: DISTRIBUCIONES EYS SAS | unidad: und | precio: $56,390 COP | región: Distrito Capital De Bogotá | fuente: Catálogo IAD MIPYMES — Colombia Compra Eficiente (proveedor real con el mejor precio, de 78 proveedores mipyme nacionales) | variabilidad real de mercado: Comparado entre 54 proveedores mipyme reales de todo el país (rango $56,390–$983,520 COP sin IVA)', 'Codo 90° Acero Galvanizado Presion 4"" - Calibre 40 Astm A53 - Tipo Colmena O .. 18Cm — mejor precio real: ANGEL RAFAEL RINCON MARIÑO (FERRETERIA NICHOLSON) | unidad: und | precio: $79,674 COP | región: Bogotá, D. C. | fuente: Catálogo IAD MIPYMES — Colombia Compra Eficiente (proveedor real con el mejor precio, de 78 proveedores mipyme nacionales) | variabilidad real de mercado: Comparado entre 54 proveedores mipyme reales de todo el país (rango $79,674–$2,185,600 COP sin IVA)', 'TELA ASFÁLTICA N°15 (40M2) un 0.07 4,367 4,367 4,367 4,367 SELLANTE PARA BORDES RECORTADOS | unidad: un | precio: $161,200 COP | región: Barranquilla | fuente: Catálogo Construdata (Barranquilla) | fecha: 2026-08-08', 'HERRAMIENTA MENOR % 10.00 4,187 4,187 4,187 4,187 HERRAMIENTA MENOR | unidad: % | precio: $2,842 COP | región: Barranquilla | fuente: Catálogo Construdata (Barranquilla) | fecha: 2026-08-08', 'SELLANTE ADHESIVO TEXSAELASTIK un 0.08 4,565 4,565 4,565 4,565 SELLANTE PARA BORDES RECORTADOS | unidad: un | precio: $161,200 COP | región: Barranquilla | fuente: Catálogo Construdata (Barranquilla) | fecha: 2026-08-08']","El mejor precio nacional para un niple en tubo de acero galvanizado a presión de 4"" por 18 cm es de $45,934 COP, ofrecido por VALENTUS S.A.S. Este precio proviene del Catálogo IAD MIPYMES — Colombia Compra Eficiente, comparado entre 56 proveedores mipyme reales de todo el país, con un rango de precios que varía de $45,934 a $1,223,936 COP sin IVA.","El mejor precio real es $45.934,29 COP con Valentus S.A.S. (Bucaramanga, Santander), comparado entre 56 proveedores mipyme reales.",1.0,0.9871452803387216,0.9999999999,1.0
Cuanto cuesta el concreto de kriptonita en Barranquilla?,"['Construcción de anden en concreto estampado (cualquier espesor) | unidad: m2 | precio: $133,132 COP | región: Puerto Colombia | fuente: Contrato real ejecutado — demoliciones y pavimentos, Puerto Colombia (2016) | fecha: 2026-08-08', 'Construcción de anden en concreto estampado (cualquier espesor) | unidad: m2 | precio: $151,424 COP | región: Puerto Colombia | fuente: Contrato real ejecutado — vía urbana Puerto Colombia (catálogo 2017-2019) | fecha: 2026-08-08', 'Construcción de anden en concreto estampado (cualquier espesor) | unidad: m2 | precio: $95,963 COP | región: Barranquilla | fuente: Contrato real ejecutado — redes de acueducto/alcantarillado (Atlántico) | fecha: 2026-08-08', 'BLOQUE TIPO BOVEDILLA EN CONCRETO | unidad: un | precio: $2,615 COP | región: Barranquilla | fuente: Catálogo Construdata (Barranquilla) | fecha: 2026-08-08', 'VIGUETA DE ALMA ABIERTA EN CONCRETO | unidad: m | precio: $27,965 COP | región: Barranquilla | fuente: Catálogo Construdata (Barranquilla) | fecha: 2026-08-08', 'DINTEL EN CONCRETO 5CM | unidad: m | precio: $23,626 COP | fuente: Construdata — referencia nacional (no específica de Barranquilla) | fecha: 2026-08-08', 'DINTEL EN CONCRETO 5CM | unidad: m | precio: $23,018 COP | región: Barranquilla | fuente: Catálogo Construdata (Barranquilla) | fecha: 2026-08-08', 'en en concreto concreto | precio: $44,138 COP | región: Barranquilla | fuente: Catálogo Construdata (Barranquilla) | fecha: 2026-08-08']","No tengo información específica sobre el precio del concreto de kriptonita en Barranquilla. Te sugiero buscarlo como ""concreto especial"" o ""concreto de alta resistencia"" para encontrar opciones similares.",No existe un precio real para 'concreto de kriptonita' en la base de datos -- el sistema no debe inventar un precio ni presentar un resultado parcialmente relacionado (ej. 'motobomba de concreto') como si fuera la respuesta.,0.3333333333333333,0.0,0.5059523809422619,0.0
Que precio tiene la pintura invisible antifantasmas?,"['Bases Y Pinturas Anticorrosivas; Base Pintura Diversos Colores X Galón — mejor precio real: INVERSIONES Y VALORES DEL CARIBE- INVALCA SAS | unidad: und | precio: $25,312 COP | región: Valledupar, Cesar | fuente: Catálogo IAD MIPYMES — Colombia Compra Eficiente (proveedor real con el mejor precio, de 78 proveedores mipyme nacionales) | variabilidad real de mercado: Comparado entre 68 proveedores mipyme reales de todo el país (rango $25,312–$338,768 COP sin IVA)', 'Pintura anticorrosiva | precio: $78,497 COP | región: Centro Oriente | fuente: INVIAS — precios de referencia regionalizados | fecha: 2026-08-08', 'Pintura Diluible Con Agua Tipo 3 - Galon — mejor precio real: FERCONLOG S.A.S | unidad: und | precio: $25,560 COP | región: Bogotá, D. C. | fuente: Catálogo IAD MIPYMES — Colombia Compra Eficiente (proveedor real con el mejor precio, de 78 proveedores mipyme nacionales) | variabilidad real de mercado: Comparado entre 67 proveedores mipyme reales de todo el país (rango $25,560–$575,600 COP sin IVA)', 'Pintura Diluible Con Agua Tipo 2 - Cuñete — mejor precio real: MANTENIMIENTO Y MONTAJES DE INGENIERIA SAS | unidad: und | precio: $84,000 COP | región: Bogotá, Distrito Capital De Bogotá | fuente: Catálogo IAD MIPYMES — Colombia Compra Eficiente (proveedor real con el mejor precio, de 78 proveedores mipyme nacionales) | variabilidad real de mercado: Comparado entre 67 proveedores mipyme reales de todo el país (rango $84,000–$1,401,516 COP sin IVA)', 'HORA AYUDANTE PINTURA - PRESTACIONES | unidad: hh | precio: $10,887 COP | región: Barranquilla | fuente: Catálogo Construdata (Barranquilla) | fecha: 2026-08-08', 'Pintura Diluible Con Agua Tipo 3 Economica Buen Cubrimiento Presentacion En Galon — mejor precio real: ELMER SCHNEIDER CASA ANDINA SAS | unidad: und | precio: $25,126 COP | región: Pasto, Nariño | fuente: Catálogo IAD MIPYMES — Colombia Compra Eficiente (proveedor real con el mejor precio, de 78 proveedores mipyme nacionales) | variabilidad real de mercado: Comparado entre 67 proveedores mipyme reales de todo el país (rango $25,126–$575,600 COP sin IVA)', 'Pintura Esmalte Tipo 1 — mejor precio real: LUIS ALVARO GOMEZ LOPEZ (FERREMATERIALES EL TRIUNFO) | unidad: Galon | precio: $58,000 COP | región: Nacional | fuente: Catálogo IAD MIPYMES — Colombia Compra Eficiente (proveedor real con el mejor precio, de 78 proveedores mipyme nacionales) | variabilidad real de mercado: Comparado entre 66 proveedores mipyme reales de todo el país (rango $58,000–$546,400 COP sin IVA)', 'Pintura Anticorrosivo X Galón — mejor precio real: INVERSIONES AMERICAN COUNTRY S.A.S | unidad: und | precio: $50,758 COP | región: Barranquilla, Atlántico | fuente: Catálogo IAD MIPYMES — Colombia Compra Eficiente (proveedor real con el mejor precio, de 78 proveedores mipyme nacionales) | variabilidad real de mercado: Comparado entre 68 proveedores mipyme reales de todo el país (rango $50,758–$998,762 COP sin IVA)']",No tengo información sobre la pintura invisible antifantasmas. Te sugiero buscar con otro nombre o especificar el tipo de pintura que necesitas.,No existe un precio real para 'pintura invisible antifantasmas' en la base de datos -- el sistema no debe inventar un precio ni confundirlo con otra pintura real (ej. 'pintura anticorrosiva').,0.3333333333333333,0.0,0.5317460317283068,1.0
Cuanto vale un sensor cuantico de humedad para concreto?,"['Compactador de Llantas Para Concreto Asfaltico | unidad: h | precio: $162,858 COP | región: Barranquilla | fuente: Contrato real ejecutado — redes de acueducto/alcantarillado (Atlántico) | fecha: 2026-08-08', 'Formaleta metálica para defensa de concreto (m) | precio: $1,774 COP | región: Centro Oriente | fuente: INVIAS — precios de referencia regionalizados | fecha: 2026-08-08', 'Formaleta metálica para defensa de concreto (m) | precio: $1,451 COP | región: Sur | fuente: INVIAS — precios de referencia regionalizados | fecha: 2026-08-08', 'Separador de concreto reforzado | unidad: un | precio: $294,748 COP | región: Barranquilla | fuente: Contrato real ejecutado — redes de acueducto/alcantarillado (Atlántico) | fecha: 2026-08-08', 'Aditivo acelerante de fraguado para concreto hidraulico | precio: $12,164 COP | región: Centro Oriente | fuente: INVIAS — precios de referencia regionalizados | fecha: 2026-08-08', 'Pavimento de concreto asfáltico e = 0.07 m | unidad: m2 | precio: $58,502 COP | región: Puerto Colombia | fuente: Contrato real ejecutado — demoliciones y pavimentos, Puerto Colombia (2016) | fecha: 2026-08-08', 'Pavimento de concreto asfáltico e = 0.07 m | unidad: m2 | precio: $66,541 COP | región: Puerto Colombia | fuente: Contrato real ejecutado — vía urbana Puerto Colombia (catálogo 2017-2019) | fecha: 2026-08-08', 'Agregado para concreto hidráulico | precio: $118,837 COP | región: Centro Oriente | fuente: INVIAS — precios de referencia regionalizados | fecha: 2026-08-08']",No tengo información sobre el precio de un sensor cuántico de humedad para concreto. Te sugiero buscarlo con otro nombre o consultar a proveedores especializados en instrumentación para construcción.,"No existe un precio real para 'sensor cuántico de humedad para concreto' en la base de datos -- es un producto ficticio, el sistema no debe inventar un precio.",0.3333333333333333,0.0,0.19999999998,0.0
Cuanto cuesta una grapa autoadhesiva de diamante sintetico?,"['Cinta Autoadhesiva; Cinta Para Junta X 75 Mtrs — mejor precio real: EL NOGAL MATERIALES DE CONSTRUCCION S.A | unidad: und | precio: $7,802 COP | región: Nacional | fuente: Catálogo IAD MIPYMES — Colombia Compra Eficiente (proveedor real con el mejor precio, de 78 proveedores mipyme nacionales) | variabilidad real de mercado: Comparado entre 65 proveedores mipyme reales de todo el país (rango $7,802–$618,743 COP sin IVA)', 'Cinta Adhesiva Con Respaldo Con Respaldo De Acetato Adhesivo X Unidad — mejor precio real: UNIÓN TEMPORAL FERRECOM | unidad: und | precio: $12,800 COP | región: Nacional | fuente: Catálogo IAD MIPYMES — Colombia Compra Eficiente (proveedor real con el mejor precio, de 78 proveedores mipyme nacionales) | variabilidad real de mercado: Comparado entre 62 proveedores mipyme reales de todo el país (rango $12,800–$354,067 COP sin IVA)', 'Pegante Sintetico Para Enchapes, Con Base Cemento, De 1 Componente, X 25 Kilogramos. — mejor precio real: INVERSIONES AMERICAN COUNTRY S.A.S | unidad: und | precio: $24,269 COP | región: Barranquilla, Atlántico | fuente: Catálogo IAD MIPYMES — Colombia Compra Eficiente (proveedor real con el mejor precio, de 78 proveedores mipyme nacionales) | variabilidad real de mercado: Comparado entre 65 proveedores mipyme reales de todo el país (rango $24,269–$163,920 COP sin IVA)', 'DISCO DIAMANTE | unidad: un | precio: $18,992 COP | región: Barranquilla | fuente: Catálogo Construdata (Barranquilla) | fecha: 2026-08-08', 'Sierra de corte con disco diamantado, que puede ser manual o autopropulsada. | precio: $5,039 COP | región: Centro Oriente | fuente: INVIAS — precios de referencia regionalizados | fecha: 2026-08-08', 'RECUBRIMIENTO SINTETICO TRUFLEX CANCHA D | unidad: m² | precio: $23,000 COP | región: Barranquilla | fuente: Catálogo Construdata (Barranquilla) | fecha: 2026-08-08 | desglose real: Material: RECUBRIMIENTO TRUFLEX (1.0 m²): $23,000 COP', 'Pegantes Sintético Súper Adhesivo Tipo Bóxer. Botella X 750 Cc — mejor precio real: MANTENIMIENTO Y MONTAJES DE INGENIERIA SAS | unidad: und | precio: $16,300 COP | región: Bogotá, Distrito Capital De Bogotá | fuente: Catálogo IAD MIPYMES — Colombia Compra Eficiente (proveedor real con el mejor precio, de 78 proveedores mipyme nacionales) | variabilidad real de mercado: Comparado entre 62 proveedores mipyme reales de todo el país (rango $16,300–$273,200 COP sin IVA)', 'Disco De Acero Diamantado 14"" - 24 Segmentos — mejor precio real: VALENTUS S.A.S | unidad: und | precio: $130,270 COP | región: Bucaramanga, Santander | fuente: Catálogo IAD MIPYMES — Colombia Compra Eficiente (proveedor real con el mejor precio, de 78 proveedores mipyme nacionales) | variabilidad real de mercado: Comparado entre 61 proveedores mipyme reales de todo el país (rango $130,270–$4,084,886 COP sin IVA)']",No tengo información sobre el precio de una grapa autoadhesiva de diamante sintético. Te sugiero buscar con otro nombre o especificar el tipo de producto que necesitas.,No existe un precio real para 'grapa autoadhesiva de diamante sintético' en la base de datos -- el sistema no debe inventar un precio ni confundirlo con otro insumo real (ej. 'disco diamante').,0.3333333333333333,0.0,0.3373015872903439,0.5
Cual es el precio de un ladrillo de titanio reforzado?,"['REMATES LADRILLO PRENSADO | unidad: m | precio: $17,685 COP | región: Barranquilla | fuente: Catálogo Construdata (Barranquilla) | fecha: 2026-08-08 | desglose real: Mano de obra: MANO DE OBRA AA (0.88 hc): $10,877 COP, MANO DE OBRA AA (0.8 hc): $10,878 COP; Material: AGUA (7.04 lt): $12 COP, AGUA (1.75 lt): $12 COP, AGUA (4.63 lt): $12 COP, ARENA DE PEÑA (0.01 m³): $0 COP, ARENA DE REVOQUE (0.04 m³): $0 COP, ARENA DE REVOQUE (0.03 m³): $0 COP, ARENA DE REVOQUE (0.01 m³): $10,000 COP, ARENA FINA (0.03 m³): $0 COP, ARENA FINA (0.04 m³): $0 COP, ARENA FINA 5 M3 (0.01 m³): $0 COP, ARENA LAVADA DE PEÑA (0.04 m³): $0 COP, ARENA LAVADA DE PEÑA (0.03 m³): $0 COP, ARENA LAVADA JUAN DE ACOSTA (0.03 m³): $24,500 COP, ARENA LAVADA JUAN DE ACOSTA (0.04 m³): $24,500 COP, CEMENTO GRIS (2.94 kg): $224 COP, CEMENTO GRIS (11.69 kg): $224 COP, CEMENTO GRIS (17.77 kg): $224 COP, LADRILLO BOCADILLO RECOCIDO (12.1 un): $0 COP, LADRILLO BOCADILLO RECOCIDO (24.21 un): $0 COP, LADRILLO COMUN (12.1 un): $0 COP, LADRILLO LIMPIO 7X10X24 (16.0 un): $0 COP, LADRILLO PRENSADO MACIZO SANTAFÉ (16.0 un): $0 COP, LADRILLO PRENSADO SANTAFE (15.85 un): $0 COP, LADRILLO TOLETE RECOCIDO (12.1 un): $256 COP, SIKA-2 (5.5 KG) (0.35 kg): $7,077 COP, TOLETE NO. 3 (16.0 un): $375 COP', 'REMATES LADRILLO PRENSADO | unidad: m | precio: $16,351 COP | región: Barranquilla | fuente: Catálogo Construdata (Barranquilla) | fecha: 2026-08-08', 'ENCHAPES LADRILLO PRENSADO | unidad: m² | precio: $31,763 COP | solo mano de obra: $11,965 COP | región: Barranquilla | fuente: Catálogo Construdata (Barranquilla) | fecha: 2026-08-08', 'Ladrillo Prensado; Ladrillo Fachada Prensado De 24 X 5 X 12 +/-5 Cm En Todas Las Direcciones — mejor precio real: MANTENIMIENTO Y MONTAJES DE INGENIERIA SAS | unidad: und | precio: $1,200 COP | región: Bogotá, Distrito Capital De Bogotá | fuente: Catálogo IAD MIPYMES — Colombia Compra Eficiente (proveedor real con el mejor precio, de 78 proveedores mipyme nacionales) | variabilidad real de mercado: Comparado entre 62 proveedores mipyme reales de todo el país (rango $1,200–$76,496 COP sin IVA)', 'Ladrillo Refractario De 24 X 12 X 4 +/- 5 Cm, En Todas Las Direcciones — mejor precio real: QUINTERO & QUINTERO CONSTRUCCIONES S.A.S | unidad: und | precio: $1,428 COP | región: Nacional | fuente: Catálogo IAD MIPYMES — Colombia Compra Eficiente (proveedor real con el mejor precio, de 78 proveedores mipyme nacionales) | variabilidad real de mercado: Comparado entre 64 proveedores mipyme reales de todo el país (rango $1,428–$76,496 COP sin IVA)', 'LADRILLO PORTANTE PRENSADO | unidad: un | precio: $1,122 COP | región: Barranquilla | fuente: Catálogo Construdata (Barranquilla) | fecha: 2026-08-08', 'CORTADORA DE LADRILLO | unidad: d | precio: $23,200 COP | región: Barranquilla | fuente: Catálogo Construdata (Barranquilla) | fecha: 2026-08-08', 'POLVO DE LADRILLO | unidad: m² | precio: $1,973 COP | región: Barranquilla | fuente: Catálogo Construdata (Barranquilla) | fecha: 2026-08-08']",No tengo información sobre el precio de un ladrillo de titanio reforzado. Te sugiero buscarlo con otro nombre o especificar el tipo de ladrillo que necesitas.,"No existe un precio real para 'ladrillo de titanio reforzado' en la base de datos -- es un material ficticio, el sistema no debe inventar un precio.",0.3333333333333333,0.0,0.7226190476045953,1.0
Cuanto cuesta el friso en Barranquilla?,"['Estuco Liso 25Kl - (Para Uso En Pañetes, Frisos Y Repellos De Construcción) — mejor precio real: ELMER SCHNEIDER CASA ANDINA SAS | unidad: und | precio: $26,762 COP | región: Pasto, Nariño | fuente: Catálogo IAD MIPYMES — Colombia Compra Eficiente (proveedor real con el mejor precio, de 78 proveedores mipyme nacionales) | variabilidad real de mercado: Comparado entre 67 proveedores mipyme reales de todo el país (rango $26,762–$273,320 COP sin IVA)', 'Arena De Peña Negra Semilavada Para Revoque O Pañete — mejor precio real: INVERSIONES Y VALORES DEL CARIBE- INVALCA SAS | unidad: m3 | precio: $31,175 COP | región: Valledupar, Cesar | fuente: Catálogo IAD MIPYMES — Colombia Compra Eficiente (proveedor real con el mejor precio, de 78 proveedores mipyme nacionales) | variabilidad real de mercado: Comparado entre 58 proveedores mipyme reales de todo el país (rango $31,175–$822,878 COP sin IVA)', 'PAÑETE LISO BAJO PLACA 1:4 | unidad: m² | precio: $18,845 COP | región: Barranquilla | fuente: Catálogo Construdata (Barranquilla) | fecha: 2026-08-08 | desglose real: Equipo: HERRAMIENTA MENOR (5.0 %): $179 COP; Material: HORA CUADRILLA AA - PRESTACIONES (0.9 hc): $17,369 COP, MORTERO 1:4 (0.01 m³): $231,500 COP', 'PAÑETE LISO BAJO PLACA 1:6 | unidad: m² | precio: $18,438 COP | región: Barranquilla | fuente: Catálogo Construdata (Barranquilla) | fecha: 2026-08-08', 'PAÑETE LISO BAJO PLACA 1:5 | unidad: m² | precio: $18,608 COP | región: Barranquilla | fuente: Catálogo Construdata (Barranquilla) | fecha: 2026-08-08', 'Pañete en mortero impermeabilizado 1:4 | unidad: m2 | precio: $13,636 COP | región: Puerto Colombia | fuente: Contrato real ejecutado — demoliciones y pavimentos, Puerto Colombia (2016) | fecha: 2026-08-08', 'Pañete en mortero impermeabilizado 1:4 | unidad: m2 | precio: $15,510 COP | región: Puerto Colombia | fuente: Contrato real ejecutado — vía urbana Puerto Colombia (catálogo 2017-2019) | fecha: 2026-08-08', 'Pañete en mortero impermeabilizado 1:4 | unidad: m2 | precio: $20,470 COP | región: Barranquilla | fuente: Contrato real ejecutado — redes de acueducto/alcantarillado (Atlántico) | fecha: 2026-08-08']","El precio del friso (estuco liso) en Barranquilla no está disponible en los datos que tengo. Sin embargo, tengo información sobre el estuco liso en Pasto, Nariño, que cuesta $26,762 COP por unidad, según el Catálogo IAD MIPYMES — Colombia Compra Eficiente. Este precio es el mejor encontrado entre 67 proveedores mipyme reales, con un rango de precios que va de $26,762 a $273,320 COP sin IVA.

Si necesitas un precio específico para Barranquilla, te sugiero buscarlo como ""estuco liso"" o ""friso"" en fuentes locales o proveedores de la región.","No hay filas guardadas literalmente como 'friso', pero la expansión de sinónimos debe encontrar precios reales guardados como 'revoque' (ej. 'REVOQUE LISO MUROS 1:4', 'ARENA DE REVOQUE') -- mismo concepto de obra con otro nombre.",0.5714285714285714,0.0,0.0,0.0
Cuanto vale la cimbra para una placa de concreto?,"['Concreto Placas y muro (incluye formaleta, Encofre y desencofre.) | unidad: m3 | precio: $140,000 COP | región: Barranquilla | fuente: Contrato real ejecutado — box culvert / estructura de drenaje (Atlántico) | fecha: 2018-06-18', 'Formaleta metálica para defensa de concreto (m) | precio: $1,451 COP | región: Sur | fuente: INVIAS — precios de referencia regionalizados | fecha: 2026-08-08', 'Formaleta metálica para defensa de concreto (m) | precio: $1,774 COP | región: Centro Oriente | fuente: INVIAS — precios de referencia regionalizados | fecha: 2026-08-08', 'Formaleta metálica para bordillo de concreto (m) | precio: $155 COP | región: Norte | fuente: INVIAS — precios de referencia regionalizados | fecha: 2026-08-08', 'Formaleta metálica para bordillo de concreto (m) | precio: $162 COP | región: Centro Oriente | fuente: INVIAS — precios de referencia regionalizados | fecha: 2026-08-08', 'Agente desmoldante (Impide la adherencia del concreto o mortero a formaletas o encofrados) | precio: $18,741 COP | región: Centro Oriente | fuente: INVIAS — precios de referencia regionalizados | fecha: 2026-08-08', 'Formaleta metálica para pavimento en concreto hidráulico (m) | precio: $1,134 COP | región: Centro Oriente | fuente: INVIAS — precios de referencia regionalizados | fecha: 2026-08-08', 'Formaleta metálica para fabricación de paneles de concreto (m2) | precio: $2,015 COP | región: Centro Oriente | fuente: INVIAS — precios de referencia regionalizados | fecha: 2026-08-08']","El precio de la formaleta (cimbra) para una placa de concreto varía según la región. Aquí tienes los precios disponibles:

1. **Formaleta metálica para defensa de concreto**:
   - $1,451 COP/m (Sur) — INVIAS, 2026-08-08
   - $1,774 COP/m (Centro Oriente) — INVIAS, 2026-08-08

2. **Formaleta metálica para bordillo de concreto**:
   - $155 COP/m (Norte) — INVIAS, 2026-08-08
   - $162 COP/m (Centro Oriente) — INVIAS, 2026-08-08

3. **Formaleta metálica para pavimento en concreto hidráulico**:
   - $1,134 COP/m (Centro Oriente) — INVIAS, 2026-08-08

4. **Formaleta metálica para fabricación de paneles de concreto**:
   - $2,015 COP/m² (Centro Oriente) — INVIAS, 2026-08-08

No hay un precio específico para la cimbra de placas de concreto en Barranquilla, pero puedes considerar la formaleta para defensa de concreto como una opción. Si necesitas un tipo específico de formaleta, podrías buscar con otro nombre o especificar más detalles.","No hay filas guardadas como 'cimbra', pero la expansión de sinónimos debe encontrar la fila real guardada como 'encofrado' (mismo concepto, término distinto).",0.625,0.0,0.9999999999,0.0
Cuanto cuesta hacer una vereda en concreto?,"['Rampas para puente peatonal en concreto prefabricado de 35 MPa, Ancho: 2.10m, 0.28 m3/m2. Incluye vigas doble T, descansos y columnas. Incluye acero de refuerzo fy = 420 MPa. Incluye acero pretensado (Torones de 7 alambres de baja relajación grado 250 (Resistencia Mínima a la tensión de 250 Ksi) según ASTM A416). No incluye juntas de dilatación, cimentación ni barandas. | precio: $1,302,032 COP | región: Centro Oriente | fuente: INVIAS — precios de referencia regionalizados | fecha: 2026-08-08', 'Construcción de andén vehicular en adoquin de concreto | unidad: m2 | precio: $79,689 COP | región: Puerto Colombia | fuente: Contrato real ejecutado — demoliciones y pavimentos, Puerto Colombia (2016) | fecha: 2026-08-08', 'Construcción de andén vehicular en adoquin de concreto | unidad: m2 | precio: $118,726 COP | región: Barranquilla | fuente: Contrato real ejecutado — redes de acueducto/alcantarillado (Atlántico) | fecha: 2026-08-08', 'Construcción de andén vehicular en adoquin de concreto | unidad: m2 | precio: $90,639 COP | región: Puerto Colombia | fuente: Contrato real ejecutado — vía urbana Puerto Colombia (catálogo 2017-2019) | fecha: 2026-08-08', 'Construcción de andén en losetas de concreto de cualquier espesor | unidad: m2 | precio: $67,885 COP | región: Puerto Colombia | fuente: Contrato real ejecutado — demoliciones y pavimentos, Puerto Colombia (2016) | fecha: 2026-08-08', 'Construcción de andén en losetas de concreto de cualquier espesor | unidad: m2 | precio: $77,213 COP | región: Puerto Colombia | fuente: Contrato real ejecutado — vía urbana Puerto Colombia (catálogo 2017-2019) | fecha: 2026-08-08', 'Construcción de anden en concreto estampado (cualquier espesor) | unidad: m2 | precio: $95,963 COP | región: Barranquilla | fuente: Contrato real ejecutado — redes de acueducto/alcantarillado (Atlántico) | fecha: 2026-08-08', 'Construcción de anden en concreto estampado (cualquier espesor) | unidad: m2 | precio: $133,132 COP | región: Puerto Colombia | fuente: Contrato real ejecutado — demoliciones y pavimentos, Puerto Colombia (2016) | fecha: 2026-08-08']","No tengo un precio específico para la construcción de una vereda en concreto. Sin embargo, tengo precios para andenes en diferentes materiales. Por ejemplo, la construcción de andén vehicular en adoquín de concreto en Barranquilla cuesta $118,726 COP/m² (fuente: contrato real ejecutado — redes de acueducto/alcantarillado, fecha: 2026-08-08) y en Puerto Colombia varía entre $79,689 COP/m² y $90,639 COP/m² (fuente: contrato real ejecutado — demoliciones y pavimentos, fecha: 2026-08-08 y vía urbana, catálogo 2017-2019, fecha: 2026-08-08).

Si buscas un precio para veredas en concreto, podrías considerar buscar precios de andenes en concreto o especificar el tipo de material que necesitas.","El término real predominante en la base es 'andén' (162 filas reales), no 'vereda' -- la expansión de sinónimos debe encontrar esas filas de andén al buscar 'vereda'.",0.75,0.0,0.0,0.0
Cuanto cuesta el kilo de cabilla de 5/8?,"['ACERO DE REFUERZO | unidad: KG | precio: $6,750 COP | región: Puerto Colombia | fuente: Proyecto real ejecutado — obra civil (Atlántico) | fecha: 2026-08-08', 'ACERO DE REFUERZO | precio: $6,750 COP | región: Puerto Colombia | fuente: Proyecto real ejecutado — obra civil (Atlántico) | fecha: 2026-08-08 | desglose real: Mano de Obra: MANO DE OBRA (0.5 CUADRILLA): $1,500 COP; Material: ALAMBRE RECOCIDO (1.0 KG): $0 COP, VARILLA (1.0 KG): $6,000 COP', 'Clavos Y Puntillas De Hierro O Acero; Puntilla En Acero Lisa De 2"" Con Cabeza Caja X Libra — mejor precio real: MARCO ANTONIO GUERRERO CHAVES (SUMINISTROS CONSTRUIR) | unidad: und | precio: $3,000 COP | región: Pasto, Nariño | fuente: Catálogo IAD MIPYMES — Colombia Compra Eficiente (proveedor real con el mejor precio, de 78 proveedores mipyme nacionales) | variabilidad real de mercado: Comparado entre 65 proveedores mipyme reales de todo el país (rango $3,000–$36,062 COP sin IVA)', 'Rampas para puente peatonal en concreto prefabricado de 35 MPa, Ancho: 2.10m, 0.28 m3/m2. Incluye vigas doble T, descansos y columnas. Incluye acero de refuerzo fy = 420 MPa. Incluye acero pretensado (Torones de 7 alambres de baja relajación grado 250 (Resistencia Mínima a la tensión de 250 Ksi) según ASTM A416). No incluye juntas de dilatación, cimentación ni barandas. | precio: $1,302,032 COP | región: Centro Oriente | fuente: INVIAS — precios de referencia regionalizados | fecha: 2026-08-08', 'Varilla De 2"" X 5,80 Metros Redonda Acero 1020 — mejor precio real: FERRETERIA INDUSTRIAL DEL VALLE S.A.S. | unidad: und | precio: $185,000 COP | región: Cali, Valle Del Cauca | fuente: Catálogo IAD MIPYMES — Colombia Compra Eficiente (proveedor real con el mejor precio, de 78 proveedores mipyme nacionales) | variabilidad real de mercado: Comparado entre 47 proveedores mipyme reales de todo el país (rango $185,000–$8,013,367 COP sin IVA)', 'SUMINISTRO EN INSTALACION DE PLANTILLA IMPERMEABILIZADA INCLUYE REFUERZO DE HIERRO 3/8"" | unidad: M2 | precio: $42,000 COP | región: Barranquilla | fuente: Cotización real — obra civil e hidráulica menor (Atlántico) | fecha: 2026-08-09', 'ACERO DE REFUERZO fy = 420 Mpa | unidad: kg | precio: $4,151 COP | región: Atlántico | fuente: Presupuesto real — Secretaría de Infraestructura, Gobernación del Atlántico | fecha: 2026-08-08', 'HIERRO VARILLA 3/8” X 6 M | unidad: m | precio: $833 COP | región: Barranquilla | fuente: Catálogo Construdata (Barranquilla) | fecha: 2026-08-08']","No tengo el precio específico de la cabilla de 5/8. Te sugiero buscarlo como ""varilla de 5/8"" o ""acero de refuerzo 5/8"" en fuentes locales o catálogos de proveedores.","No hay ningún insumo guardado como 'cabilla' -- la expansión de sinónimos debe encontrar el precio real guardado como 'varilla' (ej. $6.000 COP/kg, Catálogo Construdata).",0.3333333333333333,0.0,0.3928571428375,1.0
Cuanto cobra un capataz de obra por dia en Barranquilla?,"['Maestro | precio: $4,377,262 COP | región: Centro Oriente | fuente: INVIAS — precios de referencia regionalizados | fecha: 2026-08-08', 'MANO DE OBRA | unidad: M3 | precio: $140,000 COP | región: Puerto Colombia | fuente: Proyecto real ejecutado — obra civil (Atlántico) | fecha: 2026-08-08', 'MANO DE OBRA | unidad: CUADRILLA | precio: $1,500 COP | región: Puerto Colombia | fuente: Proyecto real ejecutado — obra civil (Atlántico) | fecha: 2026-08-08', 'MANO DE OBRA | unidad: M2 | precio: $22,000 COP | región: Puerto Colombia | fuente: Proyecto real ejecutado — obra civil (Atlántico) | fecha: 2026-08-08', 'MANO DE OBRA | unidad: M2 | precio: $10,000 COP | región: Puerto Colombia | fuente: Proyecto real ejecutado — obra civil (Atlántico) | fecha: 2026-08-08', 'MANO DE OBRA | unidad: M3 | precio: $180,000 COP | región: Puerto Colombia | fuente: Proyecto real ejecutado — obra civil (Atlántico) | fecha: 2026-08-08', 'Equipo pesado en cama baja (Área Metropolitana de Barranquilla) | unidad: Viaje | precio: $1,000,000 COP | región: Barranquilla | fuente: Contrato real ejecutado — redes de acueducto/alcantarillado (Atlántico) | fecha: 2026-08-08', 'A.C.P.M. BARRANQUILLA | unidad: gl | precio: $3,732 COP | región: Barranquilla | fuente: Catálogo Construdata (Barranquilla) | fecha: 2026-08-08']","No tengo un precio específico para el salario diario de un capataz de obra en Barranquilla. Sin embargo, puedes considerar el precio de un maestro, que es de $4,377,262 COP según INVIAS, pero este dato es para la región Centro Oriente y no específico para Barranquilla. Te sugiero buscar información adicional sobre tarifas diarias de capataces en proyectos locales o consultar con colegas en la zona.","No hay ningún insumo guardado como 'capataz' -- la expansión de sinónimos debe encontrar el precio real guardado como 'Maestro' ($4.377.262,50 COP, Catálogo Construdata, sin unidad especificada en el registro original).",0.5,0.0,0.62499999996875,1.0
